currency,rate_date,rate_to_eur
AFN,10/06/2026,0.01385298
ALL,10/06/2026,0.01052416
AUD,10/06/2026,0.60711333
BTN,10/06/2026,0.00908434
BWP,10/06/2026,0.06372994
CAD,10/06/2026,0.62125649
DKK,10/06/2026,0.13377352
DZD,10/06/2026,0.00648102
GGP,10/06/2026,1.15927279
ILS,10/06/2026,0.29171628
IRR,10/06/2026,6.3e-07
JMD,10/06/2026,0.00548076
KGS,10/06/2026,0.00990067
LAK,10/06/2026,3.93e-05
MAD,10/06/2026,0.09346018
MZN,10/06/2026,0.01354947
NIO,10/06/2026,0.02351916
PAB,10/06/2026,0.865811
PLN,10/06/2026,0.23541015
RON,10/06/2026,0.190947
RUB,10/06/2026,0.01202611
SLE,10/06/2026,0.03512418
SRD,10/06/2026,0.02310431
THB,10/06/2026,0.02629966
TMT,10/06/2026,0.2466698
TRY,10/06/2026,0.01878
TZS,10/06/2026,0.00033046
XAG,10/06/2026,55.63930406
XOF,10/06/2026,0.00152449
ZAR,10/06/2026,0.05227588
ARS,11/06/2026,0.00060416
AZN,11/06/2026,0.50935882
BSD,11/06/2026,0.86591
CHF,11/06/2026,1.08459193
CUC,11/06/2026,0.86591
EGP,11/06/2026,0.0167066
EUR,11/06/2026,1.0
GEL,11/06/2026,0.32675849
GHS,11/06/2026,0.0733772
GIP,11/06/2026,1.15890725
INR,11/06/2026,0.00905493
KPW,11/06/2026,0.00096212
KWD,11/06/2026,2.79938963
MDL,11/06/2026,0.04990645
MNT,11/06/2026,0.00024259
PKR,11/06/2026,0.00311042
SCR,11/06/2026,0.06552577
SEK,11/06/2026,0.09118105
SOS,11/06/2026,0.00151456
SYP,11/06/2026,6.66e-05
SZL,11/06/2026,0.05225553
TRY,11/06/2026,0.01878
UAH,11/06/2026,0.01920865
USD,11/06/2026,0.86591
VES,11/06/2026,0.00152725
VND,11/06/2026,3.29e-05
VUV,11/06/2026,0.00725285
XDR,11/06/2026,1.22506985
ZMW,11/06/2026,0.04996051
AFN,12/06/2026,0.01360929
ALL,12/06/2026,0.01053348
BBD,12/06/2026,0.432095
BWP,12/06/2026,0.06388739
BYN,12/06/2026,0.31415164
CAD,12/06/2026,0.61843018
DJF,12/06/2026,0.00486922
DKK,12/06/2026,0.13380033
DOP,12/06/2026,0.01479706
GBP,12/06/2026,1.15898783
GMD,12/06/2026,0.01191986
GTQ,12/06/2026,0.11342813
HKD,12/06/2026,0.11028344
HRK,12/06/2026,0.13273892
KGS,12/06/2026,0.0098821
KYD,12/06/2026,1.03748657
LSL,12/06/2026,0.05249221
MVR,12/06/2026,0.05593463
NAD,12/06/2026,0.05249198
NOK,12/06/2026,0.09101032
OMR,12/06/2026,2.24756827
PYG,12/06/2026,0.00014114
RON,12/06/2026,0.19096011
SLE,12/06/2026,0.03512967
TRY,12/06/2026,0.01869
XAG,12/06/2026,57.85674499
XPD,12/06/2026,1117.390742
ZAR,12/06/2026,0.05306617
ZWG,12/06/2026,0.0340734
CHF,13/06/2026,1.0842185
GIP,13/06/2026,1.15850946
GYD,13/06/2026,0.00413026
HNL,13/06/2026,0.03233089
HTG,13/06/2026,0.00660899
HUF,13/06/2026,0.00283991
INR,13/06/2026,0.0090677
IQD,13/06/2026,0.00065957
KHR,13/06/2026,0.00021547
MUR,13/06/2026,0.01828662
NPR,13/06/2026,0.00568115
PKR,13/06/2026,0.00310472
RWF,13/06/2026,0.0005906
SEK,13/06/2026,0.0913222
SOS,13/06/2026,0.00151189
SSP,13/06/2026,0.00663322
STD,13/06/2026,3.878e-05
SZL,13/06/2026,0.05309436
TRY,13/06/2026,0.01869
UAH,13/06/2026,0.0192845
UGX,13/06/2026,0.00022997
USD,13/06/2026,0.864043
UZS,13/06/2026,7.215e-05
VES,13/06/2026,0.00148521
VUV,13/06/2026,0.00723721
XAU,13/06/2026,3638.38218
XCD,13/06/2026,0.31971397
ARS,14/06/2026,0.00060497
AZN,14/06/2026,0.50845824
BIF,14/06/2026,0.00029102
BSD,14/06/2026,0.864379
CHF,14/06/2026,1.08464012
CRC,14/06/2026,0.0019004
CUC,14/06/2026,0.864379
CUP,14/06/2026,0.03356812
EGP,14/06/2026,0.01667186
GEL,14/06/2026,0.32556648
INR,14/06/2026,0.00907214
KPW,14/06/2026,0.00096042
KWD,14/06/2026,2.80379449
MDL,14/06/2026,0.04949846
MNT,14/06/2026,0.00024216
SCR,14/06/2026,0.06145505
SSP,14/06/2026,0.0066358
TRY,14/06/2026,0.01869
UAH,14/06/2026,0.01929266
USD,14/06/2026,0.864379
VES,14/06/2026,0.00148578
XAU,14/06/2026,3639.797036
XDR,14/06/2026,1.22648007
ZMW,14/06/2026,0.04948377
AFN,15/06/2026,0.01345469
ALL,15/06/2026,0.0104923
ANG,15/06/2026,0.48106145
AUD,15/06/2026,0.60980403
BTN,15/06/2026,0.00905921
BWP,15/06/2026,0.06397319
CAD,15/06/2026,0.61678786
CDF,15/06/2026,0.00037324
DJF,15/06/2026,0.00483912
DKK,15/06/2026,0.1337879
DOP,15/06/2026,0.01466696
DZD,15/06/2026,0.00647571
GGP,15/06/2026,1.15821443
ILS,15/06/2026,0.2959961
IRR,15/06/2026,6.3e-07
JMD,15/06/2026,0.00543315
KGS,15/06/2026,0.00984677
LAK,15/06/2026,3.911e-05
LSL,15/06/2026,0.05287632
MAD,15/06/2026,0.09299023
MZN,15/06/2026,0.01347574
NIO,15/06/2026,0.02342518
PAB,15/06/2026,0.8611
PHP,15/06/2026,0.01422624
PLN,15/06/2026,0.23575162
RON,15/06/2026,0.1911941
RUB,15/06/2026,0.01192232
SLE,15/06/2026,0.03493306
SRD,15/06/2026,0.02295685
THB,15/06/2026,0.02644088
TMT,15/06/2026,0.24532764
TRY,15/06/2026,0.01862
TZS,15/06/2026,0.00032835
XAG,15/06/2026,60.70625392
AWG,16/06/2026,0.47912677
BAM,16/06/2026,0.51190305
BND,16/06/2026,0.67256768
BOB,16/06/2026,0.12478819
BRL,16/06/2026,0.17011898
COP,16/06/2026,0.00024918
CVE,16/06/2026,0.00904557
ETB,16/06/2026,0.00541458
EUR,16/06/2026,1.0
GHS,16/06/2026,0.07728197
GIP,16/06/2026,1.15703195
IDR,16/06/2026,4.872e-05
KRW,16/06/2026,0.00057088
LKR,16/06/2026,0.00259344
LYD,16/06/2026,0.13560846
MOP,16/06/2026,0.10686049
MRU,16/06/2026,0.02155831
NZD,16/06/2026,0.50159546
PEN,16/06/2026,0.2537278
PGK,16/06/2026,0.1981248
RWF,16/06/2026,0.00058699
SAR,16/06/2026,0.23016554
SEK,16/06/2026,0.09169259
SOS,16/06/2026,0.00151182
SYP,16/06/2026,6.642e-05
SZL,16/06/2026,0.05314622
TOP,16/06/2026,0.35868442
TRY,16/06/2026,0.01863
TWD,16/06/2026,0.02735071
UGX,16/06/2026,0.00023213
VND,16/06/2026,3.284e-05
XAF,16/06/2026,0.00152449
XCD,16/06/2026,0.31955968
XPT,16/06/2026,1513.938119
TRY,17/06/2026,0.01863
ARS,18/06/2026,0.0006019808
AUD,18/06/2026,0.6105228696
AZN,18/06/2026,0.5104405119
BRL,18/06/2026,0.169591476
CAD,18/06/2026,0.6153850509
CLP,18/06/2026,0.0009782351
COP,18/06/2026,0.000250848
EUR,18/06/2026,1.0
GTQ,18/06/2026,0.1138475184
HNL,18/06/2026,0.0324831303
HUF,18/06/2026,0.0028552413
INR,18/06/2026,0.0091888201
MXN,18/06/2026,0.0502567424
NZD,18/06/2026,0.5028866144
PEN,18/06/2026,0.2553976604
PLN,18/06/2026,0.2355189873
TRY,18/06/2026,0.0186848887
USD,18/06/2026,0.8677516993
USDT,18/06/2026,0.8667714998
ARS,19/06/2026,0.0006030268
AUD,19/06/2026,0.6117844727
AZN,19/06/2026,0.5147186871
BRL,19/06/2026,0.1688556055
CAD,19/06/2026,0.6180531445
CLP,19/06/2026,0.0009714564
COP,19/06/2026,0.0002543348
EUR,19/06/2026,1.0
GTQ,19/06/2026,0.1147344174
HNL,19/06/2026,0.0327522341
HUF,19/06/2026,0.0028288162
INR,19/06/2026,0.0092761207
MXN,19/06/2026,0.0503110638
NZD,19/06/2026,0.5012954201
PEN,19/06/2026,0.2586505208
PLN,19/06/2026,0.2345711082
TRY,19/06/2026,0.0188401337
USD,19/06/2026,0.8750217235
USDT,19/06/2026,0.8728335235
ARS,20/06/2026,0.0005954579
AUD,20/06/2026,0.6111138883
AZN,20/06/2026,0.51264497
BRL,20/06/2026,0.1691942131
CAD,20/06/2026,0.6151485498
CLP,20/06/2026,0.0009644482
COP,20/06/2026,0.0002529121
EUR,20/06/2026,1.0
GTQ,20/06/2026,0.1142908781
HNL,20/06/2026,0.0326229825
HUF,20/06/2026,0.0028411166
INR,20/06/2026,0.0092336261
MXN,20/06/2026,0.0503221687
NZD,20/06/2026,0.4999102486
PEN,20/06/2026,0.2576222236
PLN,20/06/2026,0.2347204096
TRY,20/06/2026,0.0187596139
USD,20/06/2026,0.8714963016
USDT,20/06/2026,0.8704574969
ARS,21/06/2026,0.0005953682
AUD,21/06/2026,0.6106930981
AZN,21/06/2026,0.5119015262
BRL,21/06/2026,0.169129276
CAD,21/06/2026,0.6153610688
CLP,21/06/2026,0.0009642578
COP,21/06/2026,0.0002523286
EUR,21/06/2026,1.0
GTQ,21/06/2026,0.1143981515
HNL,21/06/2026,0.0326011108
HUF,21/06/2026,0.0028404852
INR,21/06/2026,0.0092251949
MXN,21/06/2026,0.0502314725
NZD,21/06/2026,0.5000214609
PEN,21/06/2026,0.2575795188
PLN,21/06/2026,0.2346682337
TRY,21/06/2026,0.0187632811
USD,21/06/2026,0.8713493393
USDT,21/06/2026,0.8707708868
ARS,22/06/2026,0.0006002958
AUD,22/06/2026,0.6114991535
AZN,22/06/2026,0.5134909081
BRL,22/06/2026,0.1694372242
CAD,22/06/2026,0.6152670369
CLP,22/06/2026,0.0009681962
COP,22/06/2026,0.0002531688
EUR,22/06/2026,1.0
GTQ,22/06/2026,0.114503471
HNL,22/06/2026,0.0326340193
HUF,22/06/2026,0.0028409897
INR,22/06/2026,0.0092456794
MXN,22/06/2026,0.0503367549
NZD,22/06/2026,0.4999399247
PEN,22/06/2026,0.2579759515
PLN,22/06/2026,0.2347503414
TRY,22/06/2026,0.0187906648
USD,22/06/2026,0.8729348903
USDT,22/06/2026,0.8712804656
ARS,23/06/2026,0.0005986492
AUD,23/06/2026,0.6104689317
AZN,23/06/2026,0.5146565514
BRL,23/06/2026,0.1696989928
CAD,23/06/2026,0.6176343361
CLP,23/06/2026,0.0009653735
COP,23/06/2026,0.0002545828
EUR,23/06/2026,1.0
GTQ,23/06/2026,0.1147020123
HNL,23/06/2026,0.032733644
HUF,23/06/2026,0.0028372007
INR,23/06/2026,0.009239895
MXN,23/06/2026,0.050351233
NZD,23/06/2026,0.4989304005
PEN,23/06/2026,0.258474172
PLN,23/06/2026,0.2338285934
TRY,23/06/2026,0.0188251738
USD,23/06/2026,0.8749161437
USDT,23/06/2026,0.8741109898
ARS,24/06/2026,0.0005981965
AUD,24/06/2026,0.6075387515
AZN,24/06/2026,0.5176131728
BRL,24/06/2026,0.169296571
CAD,24/06/2026,0.6189462339
CLP,24/06/2026,0.0009626855
COP,24/06/2026,0.0002566699
EUR,24/06/2026,1.0
GTQ,24/06/2026,0.1153041675
HNL,24/06/2026,0.0329443855
HUF,24/06/2026,0.0028113469
INR,24/06/2026,0.0092760195
MXN,24/06/2026,0.0500736808
NZD,24/06/2026,0.4973345702
PEN,24/06/2026,0.2594390483
PLN,24/06/2026,0.2335202904
TRY,24/06/2026,0.0189267371
USD,24/06/2026,0.8799423082
USDT,24/06/2026,0.8786070388
ARS,25/06/2026,0.000594568
AUD,25/06/2026,0.6067229048
AZN,25/06/2026,0.5173777164
BRL,25/06/2026,0.1689330314
CAD,25/06/2026,0.6180943181
CLP,25/06/2026,0.0009569346
COP,25/06/2026,0.0002557374
EUR,25/06/2026,1.0
GTQ,25/06/2026,0.1153617649
HNL,25/06/2026,0.0328554647
HUF,25/06/2026,0.0028142417
INR,25/06/2026,0.0093252601
MXN,25/06/2026,0.0499551368
NZD,25/06/2026,0.4963438222
PEN,25/06/2026,0.2587372108
PLN,25/06/2026,0.2331664931
TRY,25/06/2026,0.0189085883
USD,25/06/2026,0.8795150178
USDT,25/06/2026,0.8781119035
ARS,26/06/2026,0.0005952439
AUD,26/06/2026,0.6060747698
AZN,26/06/2026,0.5172621554
BRL,26/06/2026,0.1694142203
CAD,26/06/2026,0.6195724793
CLP,26/06/2026,0.0009551261
COP,26/06/2026,0.0002552877
EUR,26/06/2026,1.0
GTQ,26/06/2026,0.1153480768
HNL,26/06/2026,0.0328919954
HUF,26/06/2026,0.0028209522
INR,26/06/2026,0.0092888669
MXN,26/06/2026,0.0501660696
NZD,26/06/2026,0.4961589975
PEN,26/06/2026,0.2569610868
PLN,26/06/2026,0.2334309051
TRY,26/06/2026,0.0188710584
USD,26/06/2026,0.8793435946
USDT,26/06/2026,0.8781369874
ARS,27/06/2026,0.0005944942
AUD,27/06/2026,0.6054189134
AZN,27/06/2026,0.5166147248
BRL,27/06/2026,0.1697765149
CAD,27/06/2026,0.618708906
CLP,27/06/2026,0.000951946
COP,27/06/2026,0.0002543946
EUR,27/06/2026,1.0
GTQ,27/06/2026,0.1151140476
HNL,27/06/2026,0.0328298451
HUF,27/06/2026,0.0028252749
INR,27/06/2026,0.0093028167
MXN,27/06/2026,0.0501735562
NZD,27/06/2026,0.4956174703
PEN,27/06/2026,0.2567078321
PLN,27/06/2026,0.2331351517
TRY,27/06/2026,0.018832609
USD,27/06/2026,0.8782450661
USDT,27/06/2026,0.8764019835
ARS,28/06/2026,0.0005943248
AUD,28/06/2026,0.6052751423
AZN,28/06/2026,0.5159110662
BRL,28/06/2026,0.1696783922
CAD,28/06/2026,0.6186903713
CLP,28/06/2026,0.0009517384
COP,28/06/2026,0.0002552714
EUR,28/06/2026,1.0
GTQ,28/06/2026,0.115169408
HNL,28/06/2026,0.0328169489
HUF,28/06/2026,0.0028248287
INR,28/06/2026,0.0092890612
MXN,28/06/2026,0.0501616786
NZD,28/06/2026,0.4950318676
PEN,28/06/2026,0.2568710864
PLN,28/06/2026,0.2330769031
TRY,28/06/2026,0.0188282542
USD,28/06/2026,0.8780378397
USDT,28/06/2026,0.8764298197
ARS,29/06/2026,0.0005937511
AUD,29/06/2026,0.6052370142
AZN,29/06/2026,0.5166899108
BRL,29/06/2026,0.1698097376
CAD,29/06/2026,0.6189724272
CLP,29/06/2026,0.0009521489
COP,29/06/2026,0.0002542596
EUR,29/06/2026,1.0
GTQ,29/06/2026,0.1150949551
HNL,29/06/2026,0.0328050117
HUF,29/06/2026,0.0028278485
INR,29/06/2026,0.0093085344
MXN,29/06/2026,0.0501842591
NZD,29/06/2026,0.4959206362
PEN,29/06/2026,0.2572191334
PLN,29/06/2026,0.2331830109
TRY,29/06/2026,0.0188348874
USD,29/06/2026,0.8783571447
USDT,29/06/2026,0.8769611339
ARS,30/06/2026,0.0005921932
AUD,30/06/2026,0.6027441107
AZN,30/06/2026,0.5160383826
BRL,30/06/2026,0.1691119685
CAD,30/06/2026,0.6164060438
CLP,30/06/2026,0.0009513456
COP,30/06/2026,0.0002545978
EUR,30/06/2026,1.0
GTQ,30/06/2026,0.1150475525
HNL,30/06/2026,0.0327993425
HUF,30/06/2026,0.0028210837
INR,30/06/2026,0.0092768967
MXN,30/06/2026,0.050157141
NZD,30/06/2026,0.4955566237
PEN,30/06/2026,0.2571603708
PLN,30/06/2026,0.2331562607
TRY,30/06/2026,0.0188060401
USD,30/06/2026,0.8772645026
USDT,30/06/2026,0.8755917019
ARS,01/07/2026,0.0005908926
AUD,01/07/2026,0.6038051705
AZN,01/07/2026,0.5157965505
BRL,01/07/2026,0.1695679431
CAD,01/07/2026,0.6167039558
CLP,01/07/2026,0.0009506817
COP,01/07/2026,0.0002557967
EUR,01/07/2026,1.0
GTQ,01/07/2026,0.1149933055
HNL,01/07/2026,0.0327836387
HUF,01/07/2026,0.0028067331
INR,01/07/2026,0.0092576998
MXN,01/07/2026,0.0500151394
NZD,01/07/2026,0.4969629501
PEN,01/07/2026,0.2567292451
PLN,01/07/2026,0.2324991318
TRY,01/07/2026,0.018787881
USD,01/07/2026,0.8768581995
USDT,01/07/2026,0.8754818072
ARS,02/07/2026,0.0005899055
AUD,02/07/2026,0.6053880749
AZN,02/07/2026,0.5169957172
BRL,02/07/2026,0.1682386324
CAD,02/07/2026,0.617925907
CLP,02/07/2026,0.0009493274
COP,02/07/2026,0.0002592689
EUR,02/07/2026,1.0
GTQ,02/07/2026,0.1151728612
HNL,02/07/2026,0.0334724851
HUF,02/07/2026,0.002811549
INR,02/07/2026,0.0092543098
MXN,02/07/2026,0.0501183269
NZD,02/07/2026,0.4984242318
PEN,02/07/2026,0.2570705983
PLN,02/07/2026,0.2330231019
TRY,02/07/2026,0.0188197782
USD,02/07/2026,0.8786597276
USDT,02/07/2026,0.8776211538
ARS,03/07/2026,0.0005871784
AUD,03/07/2026,0.6061414139
AZN,03/07/2026,0.5141960215
BRL,03/07/2026,0.1675439772
CAD,03/07/2026,0.6167660156
CLP,03/07/2026,0.0009454444
COP,03/07/2026,0.000259809
EUR,03/07/2026,1.0
GTQ,03/07/2026,0.1146734547
HNL,03/07/2026,0.0327694604
HUF,03/07/2026,0.0028244125
INR,03/07/2026,0.0091816184
MXN,03/07/2026,0.0501064152
NZD,03/07/2026,0.4989371168
PEN,03/07/2026,0.2564183717
PLN,03/07/2026,0.2332330504
TRY,03/07/2026,0.0186864958
USD,03/07/2026,0.8741275017
USDT,03/07/2026,0.8729404149
ARS,04/07/2026,0.0005857513
AUD,04/07/2026,0.6064235524
AZN,04/07/2026,0.5143352803
BRL,04/07/2026,0.1691613981
CAD,04/07/2026,0.6156114938
CLP,04/07/2026,0.0009495261
COP,04/07/2026,0.0002609279
EUR,04/07/2026,1.0
GTQ,04/07/2026,0.1145199644
HNL,04/07/2026,0.0326664779
HUF,04/07/2026,0.0028304815
INR,04/07/2026,0.0091563441
MXN,04/07/2026,0.0500479205
NZD,04/07/2026,0.4991370868
PEN,04/07/2026,0.2570437922
PLN,04/07/2026,0.2330237888
TRY,04/07/2026,0.018632417
USD,04/07/2026,0.8743698111
USDT,04/07/2026,0.873020534
ARS,05/07/2026,0.0005872731
AUD,05/07/2026,0.6061551075
AZN,05/07/2026,0.5140236101
BRL,05/07/2026,0.1690208442
CAD,05/07/2026,0.6155372345
CLP,05/07/2026,0.0009491078
COP,05/07/2026,0.0002611537
EUR,05/07/2026,1.0
GTQ,05/07/2026,0.1146768809
HNL,05/07/2026,0.0326550996
HUF,05/07/2026,0.0028285074
INR,05/07/2026,0.009161876
MXN,05/07/2026,0.0500311377
NZD,05/07/2026,0.4989461633
PEN,05/07/2026,0.2568818784
PLN,05/07/2026,0.2329701076
TRY,05/07/2026,0.0186511719
USD,05/07/2026,0.8740178214
USDT,05/07/2026,0.8731012013
ARS,06/07/2026,0.0005860298
AUD,06/07/2026,0.6059230725
AZN,06/07/2026,0.5145218969
BRL,06/07/2026,0.1692478421
CAD,06/07/2026,0.6155521516
CLP,06/07/2026,0.0009495086
COP,06/07/2026,0.0002616841
EUR,06/07/2026,1.0
GTQ,06/07/2026,0.1145921254
HNL,06/07/2026,0.0326714356
HUF,06/07/2026,0.0028280297
INR,06/07/2026,0.0091806724
MXN,06/07/2026,0.0500412571
NZD,06/07/2026,0.497645324
PEN,06/07/2026,0.2568617984
PLN,06/07/2026,0.2329557251
TRY,06/07/2026,0.0186837287
USD,06/07/2026,0.8746871036
USDT,06/07/2026,0.8737442373
ARS,07/07/2026,0.0005884991
AUD,07/07/2026,0.6072027139
AZN,07/07/2026,0.5143232546
BRL,07/07/2026,0.1701475466
CAD,07/07/2026,0.6149473783
CLP,07/07/2026,0.0009432433
COP,07/07/2026,0.0002605523
EUR,07/07/2026,1.0
GTQ,07/07/2026,0.1146661994
HNL,07/07/2026,0.0326896483
HUF,07/07/2026,0.00282634
INR,07/07/2026,0.009170658
MXN,07/07/2026,0.0502662522
NZD,07/07/2026,0.4982781575
PEN,07/07/2026,0.2571723385
PLN,07/07/2026,0.2331258677
TRY,07/07/2026,0.018668751
USD,07/07/2026,0.8743494447
USDT,07/07/2026,0.8734145681
ARS,08/07/2026,0.0005870518
AUD,08/07/2026,0.6084477568
AZN,08/07/2026,0.5152551569
BRL,08/07/2026,0.1694608906
CAD,08/07/2026,0.6171719187
CLP,08/07/2026,0.0009445175
COP,08/07/2026,0.0002625001
EUR,08/07/2026,1.0
GTQ,08/07/2026,0.1147164768
HNL,08/07/2026,0.0326885056
HUF,08/07/2026,0.0028127752
INR,08/07/2026,0.0092035297
MXN,08/07/2026,0.0500782797
NZD,08/07/2026,0.4997755208
PEN,08/07/2026,0.2571692459
PLN,08/07/2026,0.2324953636
TRY,08/07/2026,0.0186951966
USD,08/07/2026,0.8759332521
USDT,08/07/2026,0.8758735251
ARS,09/07/2026,0.0005882887
AUD,09/07/2026,0.6069841932
AZN,09/07/2026,0.5147890291
BRL,09/07/2026,0.169667042
CAD,09/07/2026,0.6177843025
CLP,09/07/2026,0.0009356799
COP,09/07/2026,0.0002616558
EUR,09/07/2026,1.0
GTQ,09/07/2026,0.1147657255
HNL,09/07/2026,0.0327150453
HUF,09/07/2026,0.0027747004
INR,09/07/2026,0.0091637981
MXN,09/07/2026,0.0498446056
NZD,09/07/2026,0.5008831421
PEN,09/07/2026,0.2572617784
PLN,09/07/2026,0.2320657554
TRY,09/07/2026,0.018670879
USD,09/07/2026,0.8751279185
USDT,09/07/2026,0.874100079
ARS,10/07/2026,0.0005870145
AUD,10/07/2026,0.6078910397
AZN,10/07/2026,0.5136349904
BRL,10/07/2026,0.1700563676
CAD,10/07/2026,0.6173032128
CLP,10/07/2026,0.0009416926
COP,10/07/2026,0.0002649644
EUR,10/07/2026,1.0
GTQ,10/07/2026,0.1145301858
HNL,10/07/2026,0.0326362745
HUF,10/07/2026,0.0028067221
INR,10/07/2026,0.0091588564
MXN,10/07/2026,0.0498838571
NZD,10/07/2026,0.505205764
PEN,10/07/2026,0.2570138178
PLN,10/07/2026,0.2309097052
TRY,10/07/2026,0.0185979719
USD,10/07/2026,0.8731795276
USDT,10/07/2026,0.8722043561
ARS,11/07/2026,0.0005891037
AUD,11/07/2026,0.6091735456
AZN,11/07/2026,0.515569612
BRL,11/07/2026,0.1715420954
CAD,11/07/2026,0.6189310101
CLP,11/07/2026,0.0009478617
COP,11/07/2026,0.000269443
EUR,11/07/2026,1.0
GTQ,11/07/2026,0.1148434398
HNL,11/07/2026,0.0327205765
HUF,11/07/2026,0.0028110194
INR,11/07/2026,0.0091746838
MXN,11/07/2026,0.0501593408
NZD,11/07/2026,0.5051419587
PEN,11/07/2026,0.2583601688
PLN,11/07/2026,0.2314283119
TRY,11/07/2026,0.0186530028
USD,11/07/2026,0.8764682432
USDT,11/07/2026,0.8752473766
ARS,12/07/2026,0.0005888876
AUD,12/07/2026,0.6090163803
AZN,12/07/2026,0.5151379069
BRL,12/07/2026,0.1713678571
CAD,12/07/2026,0.6186943446
CLP,12/07/2026,0.0009473629
COP,12/07/2026,0.0002699248
EUR,12/07/2026,1.0
GTQ,12/07/2026,0.114857122
HNL,12/07/2026,0.0327060571
HUF,12/07/2026,0.00280967
INR,12/07/2026,0.0091730897
MXN,12/07/2026,0.0501353545
NZD,12/07/2026,0.5047529226
PEN,12/07/2026,0.2578105584
PLN,12/07/2026,0.2310129098
TRY,12/07/2026,0.0186367643
USD,12/07/2026,0.875903192
USDT,12/07/2026,0.8751789117
ARS,13/07/2026,0.0005883742
AUD,13/07/2026,0.6079923008
AZN,13/07/2026,0.51617023
BRL,13/07/2026,0.1717624152
CAD,13/07/2026,0.6194454098
CLP,13/07/2026,0.000946401
COP,13/07/2026,0.0002703699
EUR,13/07/2026,1.0
GTQ,13/07/2026,0.1148535793
HNL,13/07/2026,0.0327279999
HUF,13/07/2026,0.002798378
INR,13/07/2026,0.0091741051
MXN,13/07/2026,0.0500798227
NZD,13/07/2026,0.505467669
PEN,13/07/2026,0.2576272904
PLN,13/07/2026,0.2306892226
TRY,13/07/2026,0.0186697198
USD,13/07/2026,0.8774895431
USDT,13/07/2026,0.8770705926
ARS,14/07/2026,0.0005920183
AUD,14/07/2026,0.6078815059
AZN,14/07/2026,0.5160080161
BRL,14/07/2026,0.1706348239
CAD,14/07/2026,0.6211270168
CLP,14/07/2026,0.0009421367
COP,14/07/2026,0.0002712123
EUR,14/07/2026,1.0
GTQ,14/07/2026,0.1149469226
HNL,14/07/2026,0.0327347028
HUF,14/07/2026,0.0027816748
INR,14/07/2026,0.0091596371
MXN,14/07/2026,0.0501343231
NZD,14/07/2026,0.5080754193
PEN,14/07/2026,0.2563787889
PLN,14/07/2026,0.2307684454
TRY,14/07/2026,0.0186651941
USD,14/07/2026,0.8778135042
USDT,14/07/2026,0.8767880294
ARS,15/07/2026,0.000594426
AUD,15/07/2026,0.6110278701
AZN,15/07/2026,0.514140956
BRL,15/07/2026,0.1718742085
CAD,15/07/2026,0.6224978427
CLP,15/07/2026,0.0009438897
COP,15/07/2026,0.0002683441
EUR,15/07/2026,1.0
GTQ,15/07/2026,0.1147364535
HNL,15/07/2026,0.0326918174
HUF,15/07/2026,0.0027900988
INR,15/07/2026,0.0090819306
MXN,15/07/2026,0.0502002984
NZD,15/07/2026,0.5086875776
PEN,15/07/2026,0.2567010315
PLN,15/07/2026,0.2311581485
TRY,15/07/2026,0.018583158
USD,15/07/2026,0.8740395627
USDT,15/07/2026,0.8737777989
ARS,16/07/2026,0.0005910369
AUD,16/07/2026,0.6102535733
AZN,16/07/2026,0.513037583
BRL,16/07/2026,0.171382011
CAD,16/07/2026,0.6207717452
CLP,16/07/2026,0.0009432895
COP,16/07/2026,0.0002700029
EUR,16/07/2026,1.0
GTQ,16/07/2026,0.1145230334
HNL,16/07/2026,0.032651009
HUF,16/07/2026,0.0027799584
INR,16/07/2026,0.009052037
MXN,16/07/2026,0.0501382877
NZD,16/07/2026,0.5098545165
PEN,16/07/2026,0.2573926728
PLN,16/07/2026,0.2310759784
TRY,16/07/2026,0.0185390881
USD,16/07/2026,0.8721475857
USDT,16/07/2026,0.8716610088
ARS,17/07/2026,0.0005925369
AUD,17/07/2026,0.6105675754
AZN,17/07/2026,0.514262452
BRL,17/07/2026,0.1710287671
CAD,17/07/2026,0.6227259101
CLP,17/07/2026,0.0009452974
COP,17/07/2026,0.0002701982
EUR,17/07/2026,1.0
GTQ,17/07/2026,0.1145574004
HNL,17/07/2026,0.0326310861
HUF,17/07/2026,0.0027579271
INR,17/07/2026,0.0090708416
MXN,17/07/2026,0.050132126
NZD,17/07/2026,0.5103395429
PEN,17/07/2026,0.257522953
PLN,17/07/2026,0.2308024995
TRY,17/07/2026,0.0185459629
USD,17/07/2026,0.8742431098
USDT,17/07/2026,0.8735155662
ARS,18/07/2026,0.0005919593
AUD,18/07/2026,0.6104051145
AZN,18/07/2026,0.5140215149
BRL,18/07/2026,0.1710785925
CAD,18/07/2026,0.6235757608
CLP,18/07/2026,0.000937157
COP,18/07/2026,0.0002672958
EUR,18/07/2026,1.0
GTQ,18/07/2026,0.114666333
HNL,18/07/2026,0.0326315588
HUF,18/07/2026,0.0027558839
INR,18/07/2026,0.0090461448
MXN,18/07/2026,0.0498336546
NZD,18/07/2026,0.5108134482
PEN,18/07/2026,0.2578661475
PLN,18/07/2026,0.2304215058
TRY,18/07/2026,0.0185390784
USD,18/07/2026,0.8743054048
USDT,18/07/2026,0.8733902032
ARS,19/07/2026,0.0005914949
AUD,19/07/2026,0.6103772867
AZN,19/07/2026,0.5140027825
BRL,19/07/2026,0.1710409018
CAD,19/07/2026,0.623541202
CLP,19/07/2026,0.0009371541
COP,19/07/2026,0.000270286
EUR,19/07/2026,1.0
GTQ,19/07/2026,0.1146852632
HNL,19/07/2026,0.0326350143
HUF,19/07/2026,0.0027583636
INR,19/07/2026,0.0090703568
MXN,19/07/2026,0.0498574968
NZD,19/07/2026,0.510803627
PEN,19/07/2026,0.2575519326
PLN,19/07/2026,0.230451443
TRY,19/07/2026,0.0185390301
USD,19/07/2026,0.8742819915
USDT,19/07/2026,0.8734783091
ARS,20/07/2026,0.0005929109
AUD,20/07/2026,0.6112157329
AZN,20/07/2026,0.5141454948
BRL,20/07/2026,0.1709950247
CAD,20/07/2026,0.6239325645
CLP,20/07/2026,0.0009360927
COP,20/07/2026,0.0002692183
EUR,20/07/2026,1.0
GTQ,20/07/2026,0.114614411
HNL,20/07/2026,0.0326470119
HUF,20/07/2026,0.0027594131
INR,20/07/2026,0.0090656472
MXN,20/07/2026,0.0499149629
NZD,20/07/2026,0.5119108158
PEN,20/07/2026,0.2576673294
PLN,20/07/2026,0.2305283019
TRY,20/07/2026,0.0185286341
USD,20/07/2026,0.8740398072
USDT,20/07/2026,0.8735295985
ARS,21/07/2026,0.0005915385
AUD,21/07/2026,0.6139826531
AZN,21/07/2026,0.5152726027
BRL,21/07/2026,0.1717107669
CAD,21/07/2026,0.6224823313
CLP,21/07/2026,0.0009379835
COP,21/07/2026,0.0002692361
EUR,21/07/2026,1.0
GTQ,21/07/2026,0.1148247852
HNL,21/07/2026,0.0327012251
HUF,21/07/2026,0.0027635107
INR,21/07/2026,0.0090867661
MXN,21/07/2026,0.0503237896
NZD,21/07/2026,0.5137844621
PEN,21/07/2026,0.2579620423
PLN,21/07/2026,0.2308250679
TRY,21/07/2026,0.0185688056
USD,21/07/2026,0.8763728435
USDT,21/07/2026,0.8754513948
ARS,22/07/2026,0.0005932659
AUD,22/07/2026,0.6138486188
AZN,22/07/2026,0.5156933346
BRL,22/07/2026,0.1724723133
CAD,22/07/2026,0.6215259844
CLP,22/07/2026,0.0009374676
COP,22/07/2026,0.0002718907
EUR,22/07/2026,1.0
GTQ,22/07/2026,0.1149275476
HNL,22/07/2026,0.0327171236
HUF,22/07/2026,0.0027598507
INR,22/07/2026,0.0090994286
MXN,22/07/2026,0.0503918083
NZD,22/07/2026,0.510812835
PEN,22/07/2026,0.2576820847
PLN,22/07/2026,0.2310599292
TRY,22/07/2026,0.0185686437
USD,22/07/2026,0.8766785029
USDT,22/07/2026,0.8762868864
ARS,23/07/2026,0.0005902091
AUD,23/07/2026,0.6139748686
AZN,23/07/2026,0.5147346394
BRL,23/07/2026,0.1727360817
CAD,23/07/2026,0.6221336901
CLP,23/07/2026,0.0009348511
COP,23/07/2026,0.0002718833
EUR,23/07/2026,1.0
GTQ,23/07/2026,0.1147416034
HNL,23/07/2026,0.032697018
HUF,23/07/2026,0.0027488574
INR,23/07/2026,0.009065648
MXN,23/07/2026,0.0503322471
NZD,23/07/2026,0.5089785392
PEN,23/07/2026,0.2575341851
PLN,23/07/2026,0.2309155294
TRY,23/07/2026,0.0185266336
USD,23/07/2026,0.8750490738
USDT,23/07/2026,0.8748106735
ARS,24/07/2026,0.0005903287
AUD,24/07/2026,0.6130938177
AZN,24/07/2026,0.5168158198
BRL,24/07/2026,0.1724008339
CAD,24/07/2026,0.6242253675
CLP,24/07/2026,0.0009288047
COP,24/07/2026,0.00027434
EUR,24/07/2026,1.0
GTQ,24/07/2026,0.1151980104
HNL,24/07/2026,0.0328099299
HUF,24/07/2026,0.0027460981
INR,24/07/2026,0.0090799416
MXN,24/07/2026,0.0501635359
NZD,24/07/2026,0.5077494369
PEN,24/07/2026,0.258314185
PLN,24/07/2026,0.230851151
TRY,24/07/2026,0.0185712333
USD,24/07/2026,0.8788065484
USDT,24/07/2026,0.8776185505
ARS,25/07/2026,0.0005876453
AUD,25/07/2026,0.6139579283
AZN,25/07/2026,0.5171493392
BRL,25/07/2026,0.1730502912
CAD,25/07/2026,0.623769774
CLP,25/07/2026,0.0009270652
COP,25/07/2026,0.0002732118
EUR,25/07/2026,1.0
GTQ,25/07/2026,0.1152663319
HNL,25/07/2026,0.0328145774
HUF,25/07/2026,0.0027690781
INR,25/07/2026,0.0091108179
MXN,25/07/2026,0.0502939147
NZD,25/07/2026,0.5089597633
PEN,25/07/2026,0.2583886155
PLN,25/07/2026,0.2316472798
TRY,25/07/2026,0.0185662734
USD,25/07/2026,0.8791538735
USDT,25/07/2026,0.8781913782
ARS,26/07/2026,0.0005875351
AUD,26/07/2026,0.6140479822
AZN,26/07/2026,0.5169713126
BRL,26/07/2026,0.1729268883
CAD,26/07/2026,0.6238390745
CLP,26/07/2026,0.0009269931
COP,26/07/2026,0.0002735008
EUR,26/07/2026,1.0
GTQ,26/07/2026,0.1152944388
HNL,26/07/2026,0.0327969046
HUF,26/07/2026,0.0027685969
INR,26/07/2026,0.0091082764
MXN,26/07/2026,0.0502883138
NZD,26/07/2026,0.5090192044
PEN,26/07/2026,0.2584152052
PLN,26/07/2026,0.2315634689
TRY,26/07/2026,0.0185627807
USD,26/07/2026,0.8792690833
USDT,26/07/2026,0.8781734477
ARS,27/07/2026,0.0005891818
AUD,27/07/2026,0.6134639823
AZN,27/07/2026,0.5158815023
BRL,27/07/2026,0.1724874146
CAD,27/07/2026,0.6226489127
CLP,27/07/2026,0.0009246649
COP,27/07/2026,0.0002725126
EUR,27/07/2026,1.0
GTQ,27/07/2026,0.1150360534
HNL,27/07/2026,0.0327622255
HUF,27/07/2026,0.0027793391
INR,27/07/2026,0.0091168174
MXN,27/07/2026,0.0502840287
NZD,27/07/2026,0.5077037056
PEN,27/07/2026,0.258056223
PLN,27/07/2026,0.2317789333
TRY,27/07/2026,0.0185186578
USD,27/07/2026,0.8770021345
USDT,27/07/2026,0.8756978053
ARS,28/07/2026,0.0005870487
AUD,28/07/2026,0.6147200557
AZN,28/07/2026,0.5169639871
BRL,28/07/2026,0.1714835531
CAD,28/07/2026,0.6225600045
CLP,28/07/2026,0.0009344624
COP,28/07/2026,0.0002743973
EUR,28/07/2026,1.0
GTQ,28/07/2026,0.1151361239
HNL,28/07/2026,0.0327571764
HUF,28/07/2026,0.0027783906
INR,28/07/2026,0.0091784144
MXN,28/07/2026,0.0503368853
NZD,28/07/2026,0.5073809596
PEN,28/07/2026,0.2581650813
PLN,28/07/2026,0.2313440861
TRY,28/07/2026,0.0185521414
USD,28/07/2026,0.8788388858
USDT,28/07/2026,0.8784616429
ARS,29/07/2026,0.0005850928
AUD,29/07/2026,0.6098616073
AZN,29/07/2026,0.5161581875
BRL,29/07/2026,0.170946228
CAD,29/07/2026,0.6225356963
CLP,29/07/2026,0.0009398062
COP,29/07/2026,0.0002736509
EUR,29/07/2026,1.0
GTQ,29/07/2026,0.1150419119
HNL,29/07/2026,0.0327038879
HUF,29/07/2026,0.0027710269
INR,29/07/2026,0.0091702753
MXN,29/07/2026,0.0502993455
NZD,29/07/2026,0.5072661334
PEN,29/07/2026,0.2584148453
PLN,29/07/2026,0.2311328849
TRY,29/07/2026,0.0185148233
USD,29/07/2026,0.8774690234
USDT,29/07/2026,0.8764303343
ARS,30/07/2026,0.0005838487
AUD,30/07/2026,0.6074644823
AZN,30/07/2026,0.513196636
BRL,30/07/2026,0.1704113109
CAD,30/07/2026,0.6214014023
CLP,30/07/2026,0.0009334047
COP,30/07/2026,0.000273114
EUR,30/07/2026,1.0
GTQ,30/07/2026,0.1146232763
HNL,30/07/2026,0.0326024597
HUF,30/07/2026,0.0027523121
INR,30/07/2026,0.0091267285
MXN,30/07/2026,0.0500558566
NZD,30/07/2026,0.507128253
PEN,30/07/2026,0.2577192408
PLN,30/07/2026,0.231236295
TRY,30/07/2026,0.0184122505
USD,30/07/2026,0.8729962597
USDT,30/07/2026,0.8720622501
ARS,31/07/2026,0.0005835841
AUD,31/07/2026,0.6102384166
AZN,31/07/2026,0.5110927285
BRL,31/07/2026,0.1711137499
CAD,31/07/2026,0.6196109109
CLP,31/07/2026,0.0009385595
COP,31/07/2026,0.0002783566
EUR,31/07/2026,1.0
GTQ,31/07/2026,0.1140734337
HNL,31/07/2026,0.0323941221
HUF,31/07/2026,0.0027579442
INR,31/07/2026,0.0090997312
MXN,31/07/2026,0.0500964062
NZD,31/07/2026,0.5099413136
PEN,31/07/2026,0.2562677591
PLN,31/07/2026,0.2321206364
TRY,31/07/2026,0.0182912471
USD,31/07/2026,0.8688487949
USDT,31/07/2026,0.8678916054
ARS,01/08/2026,0.000583681
AUD,01/08/2026,0.6099645195
AZN,01/08/2026,0.5102165273
BRL,01/08/2026,0.1708453979
CAD,01/08/2026,0.6186265
CLP,01/08/2026,0.000931643
COP,01/08/2026,0.0002742971
EUR,01/08/2026,1.0
GTQ,01/08/2026,0.1137897819
HNL,01/08/2026,0.0324004752
HUF,01/08/2026,0.0027400324
INR,01/08/2026,0.0090900029
MXN,01/08/2026,0.0500073488
NZD,01/08/2026,0.5098631497
PEN,01/08/2026,0.2558950557
PLN,01/08/2026,0.2320843814
TRY,01/08/2026,0.0182284259
USD,01/08/2026,0.8673677224
USDT,01/08/2026,0.8659009355
ARS,02/08/2026,0.0005835256
AUD,02/08/2026,0.6097574361
AZN,02/08/2026,0.5097680557
BRL,02/08/2026,0.1707796413
CAD,02/08/2026,0.6184120334
CLP,02/08/2026,0.000931311
COP,02/08/2026,0.0002752962
EUR,02/08/2026,1.0
GTQ,02/08/2026,0.1137047215
HNL,02/08/2026,0.0323240576
HUF,02/08/2026,0.0027391431
INR,02/08/2026,0.0090837881
MXN,02/08/2026,0.0499839367
NZD,02/08/2026,0.5096886486
PEN,02/08/2026,0.2551981131
PLN,02/08/2026,0.2319870096
TRY,02/08/2026,0.0182309389
USD,02/08/2026,0.8670459513
USDT,02/08/2026,0.8658266232
ARS,03/08/2026,0.0005835976
AUD,03/08/2026,0.6097475908
AZN,03/08/2026,0.5102125782
BRL,03/08/2026,0.1708907993
CAD,03/08/2026,0.6180727259
CLP,03/08/2026,0.0009363664
COP,03/08/2026,0.0002747265
EUR,03/08/2026,1.0
GTQ,03/08/2026,0.1138625841
HNL,03/08/2026,0.0323521567
HUF,03/08/2026,0.0027440492
INR,03/08/2026,0.0091143713
MXN,03/08/2026,0.0500799075
NZD,03/08/2026,0.5104257965
PEN,03/08/2026,0.2563505445
PLN,03/08/2026,0.2321614027
TRY,03/08/2026,0.0182453377
USD,03/08/2026,0.8673612374
USDT,03/08/2026,0.8662520219
ARS,04/08/2026,0.0005816526
AUD,04/08/2026,0.6096161312
AZN,04/08/2026,0.5110607733
BRL,04/08/2026,0.1704452666
CAD,04/08/2026,0.6185797989
CLP,04/08/2026,0.0009391324
COP,04/08/2026,0.0002682989
EUR,04/08/2026,1.0
GTQ,04/08/2026,0.1138469647
HNL,04/08/2026,0.0323923582
HUF,04/08/2026,0.0027476218
INR,04/08/2026,0.0091063275
MXN,04/08/2026,0.050189034
NZD,04/08/2026,0.50964524
PEN,04/08/2026,0.2566775855
PLN,04/08/2026,0.2318473516
TRY,04/08/2026,0.0182713997
USD,04/08/2026,0.8688034279
USDT,04/08/2026,0.8678644069
ARS,05/08/2026,0.000579184
AUD,05/08/2026,0.6109368821
AZN,05/08/2026,0.5098555303
BRL,05/08/2026,0.1685874336
CAD,05/08/2026,0.615960916
CLP,05/08/2026,0.0009470452
COP,05/08/2026,0.000270483
EUR,05/08/2026,1.0
GTQ,05/08/2026,0.1137277862
HNL,05/08/2026,0.0323617194
HUF,05/08/2026,0.0027732531
INR,05/08/2026,0.0091311063
MXN,05/08/2026,0.0502602012
NZD,05/08/2026,0.5093337368
PEN,05/08/2026,0.2560572657
PLN,05/08/2026,0.2329072578
TRY,05/08/2026,0.0182212525
USD,05/08/2026,0.8667543707
USDT,05/08/2026,0.8665800751
ARS,06/08/2026,0.0005785171
AUD,06/08/2026,0.6105454472
AZN,06/08/2026,0.5091726952
BRL,06/08/2026,0.1686925717
CAD,06/08/2026,0.6178965569
CLP,06/08/2026,0.0009471564
COP,06/08/2026,0.0002723539
EUR,06/08/2026,1.0
GTQ,06/08/2026,0.1135285387
HNL,06/08/2026,0.032276357
HUF,06/08/2026,0.0027604604
INR,06/08/2026,0.009104927
MXN,06/08/2026,0.0502035766
NZD,06/08/2026,0.5097873149
PEN,06/08/2026,0.255918676
PLN,06/08/2026,0.2325089882
TRY,06/08/2026,0.0181868984
USD,06/08/2026,0.8655871445
USDT,06/08/2026,0.8646043582
ARS,07/08/2026,0.0005786623
AUD,07/08/2026,0.6098120478
AZN,07/08/2026,0.510477213
BRL,07/08/2026,0.1694744817
CAD,07/08/2026,0.6190329633
CLP,07/08/2026,0.0009474369
COP,07/08/2026,0.0002748061
EUR,07/08/2026,1.0
GTQ,07/08/2026,0.1136405592
HNL,07/08/2026,0.0323508843
HUF,07/08/2026,0.0027361066
INR,07/08/2026,0.0090980481
MXN,07/08/2026,0.0504435128
NZD,07/08/2026,0.50905304
PEN,07/08/2026,0.2562118584
PLN,07/08/2026,0.2323408258
TRY,07/08/2026,0.0181938228
USD,07/08/2026,0.8678111447
USDT,07/08/2026,0.8671148864
ARS,08/08/2026,0.0005781646
AUD,08/08/2026,0.6114060775
AZN,08/08/2026,0.5089153081
BRL,08/08/2026,0.1702342047
CAD,08/08/2026,0.6205773431
CLP,08/08/2026,0.0009477466
COP,08/08/2026,0.0002740903
EUR,08/08/2026,1.0
GTQ,08/08/2026,0.1134094197
HNL,08/08/2026,0.0322241179
HUF,08/08/2026,0.0027548204
INR,08/08/2026,0.0090949989
MXN,08/08/2026,0.0504819452
NZD,08/08/2026,0.509949973
PEN,08/08/2026,0.2565604318
PLN,08/08/2026,0.2326547405
TRY,08/08/2026,0.0180705103
USD,08/08/2026,0.8651558041
USDT,08/08/2026,0.8644532244
ARS,09/08/2026,0.0005770477
AUD,09/08/2026,0.6112989901
AZN,09/08/2026,0.5085880716
BRL,09/08/2026,0.1701069713
CAD,09/08/2026,0.6202397299
CLP,09/08/2026,0.0009476182
COP,09/08/2026,0.0002740503
EUR,09/08/2026,1.0
GTQ,09/08/2026,0.1134608431
HNL,09/08/2026,0.0322074979
HUF,09/08/2026,0.0027538618
INR,09/08/2026,0.0090838392
MXN,09/08/2026,0.0504773036
NZD,09/08/2026,0.5098803856
PEN,09/08/2026,0.2556672409
PLN,09/08/2026,0.2325878134
TRY,09/08/2026,0.0180982736
USD,09/08/2026,0.8650250843
USDT,09/08/2026,0.8641927714
ARS,10/08/2026,0.0005794202
AUD,10/08/2026,0.6114729047
AZN,10/08/2026,0.5091372624
BRL,10/08/2026,0.170258779
CAD,10/08/2026,0.6203462324
CLP,10/08/2026,0.0009481174
COP,10/08/2026,0.0002741777
EUR,10/08/2026,1.0
GTQ,10/08/2026,0.1135989221
HNL,10/08/2026,0.0322606521
HUF,10/08/2026,0.0027525109
INR,10/08/2026,0.0090973776
MXN,10/08/2026,0.0504879868
NZD,10/08/2026,0.509255855
PEN,10/08/2026,0.2562298496
PLN,10/08/2026,0.2326114243
TRY,10/08/2026,0.0181398675
USD,10/08/2026,0.8655400572
USDT,10/08/2026,0.8646931602
ARS,11/08/2026,0.0005780287
AUD,11/08/2026,0.6113077756
AZN,11/08/2026,0.5094895433
BRL,11/08/2026,0.169568295
CAD,11/08/2026,0.6216163634
CLP,11/08/2026,0.0009454525
COP,11/08/2026,0.0002759214
EUR,11/08/2026,1.0
GTQ,11/08/2026,0.1134990168
HNL,11/08/2026,0.0322886476
HUF,11/08/2026,0.0027423322
INR,11/08/2026,0.0090779863
MXN,11/08/2026,0.0505509247
NZD,11/08/2026,0.509749988
PEN,11/08/2026,0.256328828
PLN,11/08/2026,0.2323893703
TRY,11/08/2026,0.0181449299
USD,11/08/2026,0.8661302052
USDT,11/08/2026,0.8651999451
ARS,12/08/2026,0.0005814246
AUD,12/08/2026,0.6116905989
AZN,12/08/2026,0.5098983091
BRL,12/08/2026,0.1676710782
CAD,12/08/2026,0.6222715803
CLP,12/08/2026,0.0009483828
COP,12/08/2026,0.000276723
EUR,12/08/2026,1.0
GTQ,12/08/2026,0.1136563017
HNL,12/08/2026,0.0323254892
HUF,12/08/2026,0.002737818
INR,12/08/2026,0.009081421
MXN,12/08/2026,0.0507820761
NZD,12/08/2026,0.5087736722
PEN,12/08/2026,0.2563015064
PLN,12/08/2026,0.2324748681
TRY,12/08/2026,0.0181518682
USD,12/08/2026,0.866827069
USDT,12/08/2026,0.8658537616
ARS,13/08/2026,0.0005813957
AUD,13/08/2026,0.6122269859
AZN,13/08/2026,0.5104730384
BRL,13/08/2026,0.1672296839
CAD,13/08/2026,0.6222142767
CLP,13/08/2026,0.0009488863
COP,13/08/2026,0.0002764122
EUR,13/08/2026,1.0
GTQ,13/08/2026,0.1137472289
HNL,13/08/2026,0.0323137772
HUF,13/08/2026,0.0027458729
INR,13/08/2026,0.0090984705
MXN,13/08/2026,0.0508629247
NZD,13/08/2026,0.5078677114
PEN,13/08/2026,0.257115523
PLN,13/08/2026,0.2322289275
TRY,13/08/2026,0.0181645954
USD,13/08/2026,0.8678042614
USDT,13/08/2026,0.8665691713
ARS,14/08/2026,0.0005810911
AUD,14/08/2026,0.6118441089
AZN,14/08/2026,0.5098799073
BRL,14/08/2026,0.1668314742
CAD,14/08/2026,0.6224933671
CLP,14/08/2026,0.0009480012
COP,14/08/2026,0.0002778219
EUR,14/08/2026,1.0
GTQ,14/08/2026,0.113654172
HNL,14/08/2026,0.032332716
HUF,14/08/2026,0.0027522957
INR,14/08/2026,0.0090881394
MXN,14/08/2026,0.0508888737
NZD,14/08/2026,0.507963042
PEN,14/08/2026,0.2565315465
PLN,14/08/2026,0.2319699296
TRY,14/08/2026,0.018112145
USD,14/08/2026,0.8668817285
USDT,14/08/2026,0.8659918114
ARS,15/08/2026,0.0005846878
AUD,15/08/2026,0.6122978167
AZN,15/08/2026,0.508395762
BRL,15/08/2026,0.1656027721
CAD,15/08/2026,0.6229793781
CLP,15/08/2026,0.0009445412
COP,15/08/2026,0.0002745662
EUR,15/08/2026,1.0
GTQ,15/08/2026,0.1133209461
HNL,15/08/2026,0.0322509362
HUF,15/08/2026,0.0027539455
INR,15/08/2026,0.0090413019
MXN,15/08/2026,0.0507695719
NZD,15/08/2026,0.5092048917
PEN,15/08/2026,0.2564112604
PLN,15/08/2026,0.2321469183
TRY,15/08/2026,0.0180153041
USD,15/08/2026,0.8642725476
USDT,15/08/2026,0.8636647649
ARS,16/08/2026,0.0005811949
AUD,16/08/2026,0.6121300873
AZN,16/08/2026,0.5082057647
BRL,16/08/2026,0.1656553751
CAD,16/08/2026,0.6230212495
CLP,16/08/2026,0.0009446331
COP,16/08/2026,0.0002755007
EUR,16/08/2026,1.0
GTQ,16/08/2026,0.1133767625
HNL,16/08/2026,0.0321940428
HUF,16/08/2026,0.0027539686
INR,16/08/2026,0.0090463331
MXN,16/08/2026,0.0507757962
NZD,16/08/2026,0.5092660214
PEN,16/08/2026,0.2556083788
PLN,16/08/2026,0.2321761827
TRY,16/08/2026,0.0180248051
USD,16/08/2026,0.8643846669
USDT,16/08/2026,0.8635266804
ARS,17/08/2026,0.0005855664
AUD,17/08/2026,0.6124849346
AZN,17/08/2026,0.5080076458
BRL,17/08/2026,0.1654341653
CAD,17/08/2026,0.6225843726
CLP,17/08/2026,0.0009445425
COP,17/08/2026,0.0002745832
EUR,17/08/2026,1.0
GTQ,17/08/2026,0.1132999583
HNL,17/08/2026,0.0322485924
HUF,17/08/2026,0.0027545128
INR,17/08/2026,0.0090355216
MXN,17/08/2026,0.0507661015
NZD,17/08/2026,0.5098684321
PEN,17/08/2026,0.2565597716
PLN,17/08/2026,0.232203879
TRY,17/08/2026,0.0180302311
USD,17/08/2026,0.86360253
USDT,17/08/2026,0.8627019805
ARS,18/08/2026,0.0005805123
AUD,18/08/2026,0.6137837201
AZN,18/08/2026,0.5080715421
BRL,18/08/2026,0.1659581336
CAD,18/08/2026,0.6226261677
CLP,18/08/2026,0.0009437737
COP,18/08/2026,0.0002756075
EUR,18/08/2026,1.0
GTQ,18/08/2026,0.1132017198
HNL,18/08/2026,0.0322083139
HUF,18/08/2026,0.0027479977
INR,18/08/2026,0.0090277615
MXN,18/08/2026,0.0506757259
NZD,18/08/2026,0.509230835
PEN,18/08/2026,0.2564291986
PLN,18/08/2026,0.231698743
TRY,18/08/2026,0.018027798
USD,18/08/2026,0.8637215552
USDT,18/08/2026,0.8627163598
ARS,20/08/2026,0.0005718218
AUD,20/08/2026,0.6085124651
AZN,20/08/2026,0.5035784308
BRL,20/08/2026,0.1653120674
CAD,20/08/2026,0.6202186876
CLP,20/08/2026,0.0009289078
COP,20/08/2026,0.0002804202
EUR,20/08/2026,1.0
GTQ,20/08/2026,0.1124692801
HNL,20/08/2026,0.0320212486
HUF,20/08/2026,0.0027479159
INR,20/08/2026,0.0089526325
MXN,20/08/2026,0.0505123287
NZD,20/08/2026,0.5088608008
PEN,20/08/2026,0.2554834796
PLN,20/08/2026,0.2315425658
TRY,20/08/2026,0.0178515619
USD,20/08/2026,0.8560629533
USDT,20/08/2026,0.8557446071
ARS,21/08/2026,0.0005713139
AUD,21/08/2026,0.6098119325
AZN,21/08/2026,0.5031684619
BRL,21/08/2026,0.1646540129
CAD,21/08/2026,0.6210563118
CLP,21/08/2026,0.0009269989
COP,21/08/2026,0.0002785528
EUR,21/08/2026,1.0
GTQ,21/08/2026,0.1120659327
HNL,21/08/2026,0.0318842199
HUF,21/08/2026,0.0027423751
INR,21/08/2026,0.0089349094
MXN,21/08/2026,0.0504961323
NZD,21/08/2026,0.5102724607
PEN,21/08/2026,0.2551131031
PLN,21/08/2026,0.2316168798
TRY,21/08/2026,0.0178015317
USD,21/08/2026,0.8553863994
USDT,21/08/2026,0.8551666135
ARS,22/08/2026,0.0005711886
AUD,22/08/2026,0.6141146188
AZN,22/08/2026,0.5037936493
BRL,22/08/2026,0.1666599986
CAD,22/08/2026,0.6221005333
CLP,22/08/2026,0.000935792
COP,22/08/2026,0.0002816406
EUR,22/08/2026,1.0
GTQ,22/08/2026,0.1122625287
HNL,22/08/2026,0.0318645937
HUF,22/08/2026,0.0027582723
INR,22/08/2026,0.0089493061
MXN,22/08/2026,0.0506147068
NZD,22/08/2026,0.5120880011
PEN,22/08/2026,0.2553613688
PLN,22/08/2026,0.2319410168
TRY,22/08/2026,0.0178432273
USD,22/08/2026,0.856448192
USDT,22/08/2026,0.8554902528
ARS,23/08/2026,0.00057073
AUD,23/08/2026,0.6135804999
AZN,23/08/2026,0.5029303665
BRL,23/08/2026,0.1662156461
CAD,23/08/2026,0.6216183843
CLP,23/08/2026,0.000935113
COP,23/08/2026,0.0002812031
EUR,23/08/2026,1.0
GTQ,23/08/2026,0.1122344863
HNL,23/08/2026,0.0318449142
HUF,23/08/2026,0.0027563615
INR,23/08/2026,0.0089433917
MXN,23/08/2026,0.0505838081
NZD,23/08/2026,0.5116912182
PEN,23/08/2026,0.2551675323
PLN,23/08/2026,0.2317568123
TRY,23/08/2026,0.0178365341
USD,23/08/2026,0.8557822709
USDT,23/08/2026,0.8555221194
ARS,24/08/2026,0.0005707221
AUD,24/08/2026,0.6137371259
AZN,24/08/2026,0.5037214919
BRL,24/08/2026,0.1666718377
CAD,24/08/2026,0.6206296617
CLP,24/08/2026,0.0009313282
COP,24/08/2026,0.0002809261
EUR,24/08/2026,1.0
GTQ,24/08/2026,0.1121799157
HNL,24/08/2026,0.0318693156
HUF,24/08/2026,0.0027583101
INR,24/08/2026,0.0089478546
MXN,24/08/2026,0.0505824197
NZD,24/08/2026,0.5117461634
PEN,24/08/2026,0.2550362493
PLN,24/08/2026,0.2317186557
TRY,24/08/2026,0.0178119577
USD,24/08/2026,0.8563266164
USDT,24/08/2026,0.8560477544
ARS,25/08/2026,0.0005680147
AUD,25/08/2026,0.6132703235
AZN,25/08/2026,0.5042736486
BRL,25/08/2026,0.1662918733
CAD,25/08/2026,0.6189408438
CLP,25/08/2026,0.0009390549
COP,25/08/2026,0.000280004
EUR,25/08/2026,1.0
GTQ,25/08/2026,0.1123829894
HNL,25/08/2026,0.0319696164
HUF,25/08/2026,0.0027559585
INR,25/08/2026,0.0089536215
MXN,25/08/2026,0.0505853721
NZD,25/08/2026,0.5108561426
PEN,25/08/2026,0.255394594
PLN,25/08/2026,0.2322076798
TRY,25/08/2026,0.017823206
USD,25/08/2026,0.8572650738
USDT,25/08/2026,0.8567963369
ARS,26/08/2026,0.0005669267
AUD,26/08/2026,0.6144672177
AZN,26/08/2026,0.504066313
BRL,26/08/2026,0.1664348285
CAD,26/08/2026,0.6188505593
CLP,26/08/2026,0.0009382514
COP,26/08/2026,0.0002770796
EUR,26/08/2026,1.0
GTQ,26/08/2026,0.1123602352
HNL,26/08/2026,0.0319609418
HUF,26/08/2026,0.00277263
INR,26/08/2026,0.0089939541
MXN,26/08/2026,0.0505522171
NZD,26/08/2026,0.5114271361
PEN,26/08/2026,0.2555198784
PLN,26/08/2026,0.2324214622
TRY,26/08/2026,0.0178097396
USD,26/08/2026,0.8569127883
USDT,26/08/2026,0.8566006558
ARS,27/08/2026,0.0005667891
AUD,27/08/2026,0.6166021219
AZN,27/08/2026,0.5049609127
BRL,27/08/2026,0.1667758534
CAD,27/08/2026,0.6182646519
CLP,27/08/2026,0.0009330646
COP,27/08/2026,0.0002745118
EUR,27/08/2026,1.0
GTQ,27/08/2026,0.112485901
HNL,27/08/2026,0.031991079
HUF,27/08/2026,0.0027470584
INR,27/08/2026,0.0089836771
MXN,27/08/2026,0.0505629883
NZD,27/08/2026,0.5102013198
PEN,27/08/2026,0.2552549542
PLN,27/08/2026,0.231197504
TRY,27/08/2026,0.0178347897
USD,27/08/2026,0.8584177154
USDT,27/08/2026,0.8580390078
ARS,28/08/2026,0.0005678303
AUD,28/08/2026,0.6181440064
AZN,28/08/2026,0.5050900143
BRL,28/08/2026,0.1663001555
CAD,28/08/2026,0.6201154283
CLP,28/08/2026,0.0009267798
COP,28/08/2026,0.0002719912
EUR,28/08/2026,1.0
GTQ,28/08/2026,0.1125635874
HNL,28/08/2026,0.0319922584
HUF,28/08/2026,0.002742953
INR,28/08/2026,0.0089993409
MXN,28/08/2026,0.0506340802
NZD,28/08/2026,0.5110599846
PEN,28/08/2026,0.256244723
PLN,28/08/2026,0.2306969192
TRY,28/08/2026,0.0177974228
USD,28/08/2026,0.8586662193
USDT,28/08/2026,0.8589889865
ARS,29/08/2026,0.0005722579
AUD,29/08/2026,0.6183023939
AZN,29/08/2026,0.5073999101
BRL,29/08/2026,0.1663658877
CAD,29/08/2026,0.6210036745
CLP,29/08/2026,0.0009270177
COP,29/08/2026,0.000269349
EUR,29/08/2026,1.0
GTQ,29/08/2026,0.1131175732
HNL,29/08/2026,0.0321140886
HUF,29/08/2026,0.0027394085
INR,29/08/2026,0.0090406533
MXN,29/08/2026,0.0506857202
NZD,29/08/2026,0.5105590582
PEN,29/08/2026,0.2575891521
PLN,29/08/2026,0.2303085674
TRY,29/08/2026,0.0178945459
USD,29/08/2026,0.863406054
USDT,29/08/2026,0.8630981431
ARS,30/08/2026,0.0005728634
AUD,30/08/2026,0.6181865144
AZN,30/08/2026,0.5072625026
BRL,30/08/2026,0.1660942513
CAD,30/08/2026,0.620720258
CLP,30/08/2026,0.0009267315
COP,30/08/2026,0.0002694872
EUR,30/08/2026,1.0
GTQ,30/08/2026,0.1132113269
HNL,30/08/2026,0.0321047558
HUF,30/08/2026,0.0027379938
INR,30/08/2026,0.0090458685
MXN,30/08/2026,0.0506718235
NZD,30/08/2026,0.5104171365
PEN,30/08/2026,0.2575374669
PLN,30/08/2026,0.2303080078
TRY,30/08/2026,0.0178924794
USD,30/08/2026,0.8631699984
USDT,30/08/2026,0.86315433
ARS,31/08/2026,0.0005720829
AUD,31/08/2026,0.6182094674
AZN,31/08/2026,0.5044409315
BRL,31/08/2026,0.1660803907
CAD,31/08/2026,0.6211100036
CLP,31/08/2026,0.0009261066
COP,31/08/2026,0.0002692994
EUR,31/08/2026,1.0
GTQ,31/08/2026,0.1125096403
HNL,31/08/2026,0.0321290935
HUF,31/08/2026,0.0027370629
INR,31/08/2026,0.0090399485
MXN,31/08/2026,0.0506721941
NZD,31/08/2026,0.510700712
PEN,31/08/2026,0.255804777
PLN,31/08/2026,0.2302017728
TRY,31/08/2026,0.017877112
USD,31/08/2026,0.8627338135
USDT,31/08/2026,0.8625850219
ARS,01/09/2026,0.0005712447
AUD,01/09/2026,0.6176396043
AZN,01/09/2026,0.506954182
BRL,01/09/2026,0.1662588304
CAD,01/09/2026,0.621342039
CLP,01/09/2026,0.0009220867
COP,01/09/2026,0.0002674255
EUR,01/09/2026,1.0
GTQ,01/09/2026,0.112912683
HNL,01/09/2026,0.032079621
HUF,01/09/2026,0.0027379952
INR,01/09/2026,0.0090805242
MXN,01/09/2026,0.0506708167
NZD,01/09/2026,0.5089933863
PEN,01/09/2026,0.2562255369
PLN,01/09/2026,0.2310427879
TRY,01/09/2026,0.0178548189
USD,01/09/2026,0.8618203675
USDT,01/09/2026,0.8613471863
ARS,02/09/2026,0.0005709106
AUD,02/09/2026,0.6165458691
AZN,02/09/2026,0.5080194038
BRL,02/09/2026,0.1675654138
CAD,02/09/2026,0.6205845795
CLP,02/09/2026,0.0009225489
COP,02/09/2026,0.000272772
EUR,02/09/2026,1.0
GTQ,02/09/2026,0.1131780642
HNL,02/09/2026,0.0321520578
HUF,02/09/2026,0.0027139681
INR,02/09/2026,0.009095964
MXN,02/09/2026,0.0507767199
NZD,02/09/2026,0.5043533715
PEN,02/09/2026,0.2566411716
PLN,02/09/2026,0.2305489824
TRY,02/09/2026,0.0178828625
USD,02/09/2026,0.8636339223
USDT,02/09/2026,0.8629413918
ARS,03/09/2026,0.0005707395
AUD,03/09/2026,0.6181615148
AZN,03/09/2026,0.5071970552
BRL,03/09/2026,0.1692876345
CAD,03/09/2026,0.6234695848
CLP,03/09/2026,0.0009194351
COP,03/09/2026,0.0002727335
EUR,03/09/2026,1.0
GTQ,03/09/2026,0.1130390685
HNL,03/09/2026,0.0321581721
HUF,03/09/2026,0.0027184394
INR,03/09/2026,0.0091336937
MXN,03/09/2026,0.0507958599
NZD,03/09/2026,0.505383987
PEN,03/09/2026,0.2565601843
PLN,03/09/2026,0.2309376074
TRY,03/09/2026,0.0178459906
USD,03/09/2026,0.8622463132
USDT,03/09/2026,0.8619226096
ARS,04/09/2026,0.000570337
AUD,04/09/2026,0.620129076
AZN,04/09/2026,0.5060730717
BRL,04/09/2026,0.1686653957
CAD,04/09/2026,0.6237713809
CLP,04/09/2026,0.0009224992
COP,04/09/2026,0.0002734304
EUR,04/09/2026,1.0
GTQ,04/09/2026,0.1128022757
HNL,04/09/2026,0.0320161411
HUF,04/09/2026,0.002766766
INR,04/09/2026,0.0091063768
MXN,04/09/2026,0.0508984547
NZD,04/09/2026,0.5072546623
PEN,04/09/2026,0.2565167786
PLN,04/09/2026,0.2314812768
TRY,04/09/2026,0.0177694424
USD,04/09/2026,0.860324228
USDT,04/09/2026,0.8602751361
ARS,05/09/2026,0.0005710177
AUD,05/09/2026,0.6203062819
AZN,05/09/2026,0.5064967528
BRL,05/09/2026,0.1679399814
CAD,05/09/2026,0.6223953145
CLP,05/09/2026,0.0009214064
COP,05/09/2026,0.000274788
EUR,05/09/2026,1.0
GTQ,05/09/2026,0.1127951413
HNL,05/09/2026,0.0320250788
HUF,05/09/2026,0.0027611048
INR,05/09/2026,0.0091180978
MXN,05/09/2026,0.0509886196
NZD,05/09/2026,0.506303022
PEN,05/09/2026,0.2568172716
PLN,05/09/2026,0.2319226537
TRY,05/09/2026,0.0177754525
USD,05/09/2026,0.8610439224
USDT,05/09/2026,0.8607618245
ARS,06/09/2026,0.0005706349
AUD,06/09/2026,0.6201314565
AZN,06/09/2026,0.5058757826
BRL,06/09/2026,0.1679338795
CAD,06/09/2026,0.6221870922
CLP,06/09/2026,0.0009211433
COP,06/09/2026,0.0002748852
EUR,06/09/2026,1.0
GTQ,06/09/2026,0.1128650795
HNL,06/09/2026,0.0320167679
HUF,06/09/2026,0.0027601574
INR,06/09/2026,0.0091091998
MXN,06/09/2026,0.0509722463
NZD,06/09/2026,0.5062242422
PEN,06/09/2026,0.2566354975
PLN,06/09/2026,0.2319181468
TRY,06/09/2026,0.017772635
USD,06/09/2026,0.8608117722
USDT,06/09/2026,0.860629207
ARS,07/09/2026,0.0005707247
AUD,07/09/2026,0.6204584458
AZN,07/09/2026,0.5066471857
BRL,07/09/2026,0.1679887809
CAD,07/09/2026,0.6224329775
CLP,07/09/2026,0.0009238818
COP,07/09/2026,0.000275007
EUR,07/09/2026,1.0
GTQ,07/09/2026,0.1128327836
HNL,07/09/2026,0.0320925847
HUF,07/09/2026,0.0027594884
INR,07/09/2026,0.0091182615
MXN,07/09/2026,0.050960707
NZD,07/09/2026,0.505708153
PEN,07/09/2026,0.2567153455
PLN,07/09/2026,0.2317780017
TRY,07/09/2026,0.0177806305
USD,07/09/2026,0.8613002476
USDT,07/09/2026,0.8613855675
ARS,08/09/2026,0.0005690456
AUD,08/09/2026,0.6206813573
AZN,08/09/2026,0.5060194915
BRL,08/09/2026,0.1678110437
CAD,08/09/2026,0.6231483148
CLP,08/09/2026,0.0009207318
COP,08/09/2026,0.0002748366
EUR,08/09/2026,1.0
GTQ,08/09/2026,0.1125595398
HNL,08/09/2026,0.0320575341
HUF,08/09/2026,0.0027485409
INR,08/09/2026,0.0090875492
MXN,08/09/2026,0.05072643
NZD,08/09/2026,0.5038030759
PEN,08/09/2026,0.2563201093
PLN,08/09/2026,0.2320277522
TRY,08/09/2026,0.0177525819
USD,08/09/2026,0.8602304602
USDT,08/09/2026,0.8599535835
ARS,09/09/2026,0.0005688176
AUD,09/09/2026,0.6210895735
AZN,09/09/2026,0.5054163601
BRL,09/09/2026,0.1689434428
CAD,09/09/2026,0.6241513882
CLP,09/09/2026,0.0009295149
COP,09/09/2026,0.0002761274
EUR,09/09/2026,1.0
GTQ,09/09/2026,0.1125705242
HNL,09/09/2026,0.0320544184
HUF,09/09/2026,0.0027511112
INR,09/09/2026,0.0090536439
MXN,09/09/2026,0.0508330048
NZD,09/09/2026,0.5034719856
PEN,09/09/2026,0.2564415719
PLN,09/09/2026,0.2318383634
TRY,09/09/2026,0.0177367371
USD,09/09/2026,0.8597599616
USDT,09/09/2026,0.859622177
ARS,10/09/2026,0.0005676223
AUD,10/09/2026,0.6203135505
AZN,10/09/2026,0.5054425626
BRL,10/09/2026,0.168292096
CAD,10/09/2026,0.6223138445
CLP,10/09/2026,0.0009267706
COP,10/09/2026,0.000276737
EUR,10/09/2026,1.0
GTQ,10/09/2026,0.1125577739
HNL,10/09/2026,0.0320231258
HUF,10/09/2026,0.0027448487
INR,10/09/2026,0.0090192175
MXN,10/09/2026,0.0508667383
NZD,10/09/2026,0.5026472142
PEN,10/09/2026,0.2565142651
PLN,10/09/2026,0.2316715417
TRY,10/09/2026,0.0177193906
USD,10/09/2026,0.8592521961
USDT,10/09/2026,0.8590225679
ARS,11/09/2026,0.0005698271
AUD,11/09/2026,0.6167271868
AZN,11/09/2026,0.50703612
BRL,11/09/2026,0.1689184085
CAD,11/09/2026,0.6226360804
CLP,11/09/2026,0.0009160673
COP,11/09/2026,0.0002778105
EUR,11/09/2026,1.0
GTQ,11/09/2026,0.1128590299
HNL,11/09/2026,0.0321252639
HUF,11/09/2026,0.0027358496
INR,11/09/2026,0.0090044304
MXN,11/09/2026,0.0507092083
NZD,11/09/2026,0.5018228565
PEN,11/09/2026,0.2569154022
PLN,11/09/2026,0.2311089814
TRY,11/09/2026,0.0177435372
USD,11/09/2026,0.8619614804
USDT,11/09/2026,0.8615217729
ARS,12/09/2026,0.0005714966
AUD,12/09/2026,0.6182679546
AZN,12/09/2026,0.5071731605
BRL,12/09/2026,0.1682233019
CAD,12/09/2026,0.6215906182
CLP,12/09/2026,0.0009149146
COP,12/09/2026,0.0002798488
EUR,12/09/2026,1.0
GTQ,12/09/2026,0.1129616457
HNL,12/09/2026,0.0321181305
HUF,12/09/2026,0.0027503897
INR,12/09/2026,0.0090185759
MXN,12/09/2026,0.0507990227
NZD,12/09/2026,0.501260153
PEN,12/09/2026,0.2570019071
PLN,12/09/2026,0.231298718
TRY,12/09/2026,0.0177608395
USD,12/09/2026,0.8621942587
USDT,12/09/2026,0.8616538118
ARS,13/09/2026,0.0005714948
AUD,13/09/2026,0.618231933
AZN,13/09/2026,0.5067339186
BRL,13/09/2026,0.1682414662
CAD,13/09/2026,0.6216533795
CLP,13/09/2026,0.0009148159
COP,13/09/2026,0.0002802488
EUR,13/09/2026,1.0
GTQ,13/09/2026,0.113020499
HNL,13/09/2026,0.0320483068
HUF,13/09/2026,0.0027505256
INR,13/09/2026,0.0090209677
MXN,13/09/2026,0.0507998754
NZD,13/09/2026,0.5012253079
PEN,13/09/2026,0.2570135133
PLN,13/09/2026,0.2313396965
TRY,13/09/2026,0.0177634543
USD,13/09/2026,0.8621709916
USDT,13/09/2026,0.861471112
ARS,14/09/2026,0.0005713669
AUD,14/09/2026,0.6180843622
AZN,14/09/2026,0.5085143507
BRL,14/09/2026,0.1688595545
CAD,14/09/2026,0.6230962695
CLP,14/09/2026,0.0009201188
COP,14/09/2026,0.0002795953
EUR,14/09/2026,1.0
GTQ,14/09/2026,0.1132173533
HNL,14/09/2026,0.0322279166
HUF,14/09/2026,0.0027450247
INR,14/09/2026,0.009035632
MXN,14/09/2026,0.0508487778
NZD,14/09/2026,0.5000250238
PEN,14/09/2026,0.2571875762
PLN,14/09/2026,0.2312240365
TRY,14/09/2026,0.0177808485
USD,14/09/2026,0.8644737676
USDT,14/09/2026,0.8640715482
ARS,15/09/2026,0.000574863
AUD,15/09/2026,0.6171926137
AZN,15/09/2026,0.5099267699
BRL,15/09/2026,0.168632595
CAD,15/09/2026,0.6229951122
CLP,15/09/2026,0.0009074284
COP,15/09/2026,0.0002789381
EUR,15/09/2026,1.0
GTQ,15/09/2026,0.1135738596
HNL,15/09/2026,0.0322639193
HUF,15/09/2026,0.0027326881
INR,15/09/2026,0.0090452197
MXN,15/09/2026,0.0505423598
NZD,15/09/2026,0.498861568
PEN,15/09/2026,0.2579753332
PLN,15/09/2026,0.2303125881
TRY,15/09/2026,0.0178248775
USD,15/09/2026,0.8668757242
USDT,15/09/2026,0.8665466511
ARS,16/09/2026,0.0005749448
AUD,16/09/2026,0.6175065236
AZN,16/09/2026,0.5096391337
BRL,16/09/2026,0.1684005473
CAD,16/09/2026,0.6218751589
CLP,16/09/2026,0.0009078221
COP,16/09/2026,0.0002776249
EUR,16/09/2026,1.0
GTQ,16/09/2026,0.1134922492
HNL,16/09/2026,0.0322452219
HUF,16/09/2026,0.0027371049
INR,16/09/2026,0.0090348218
MXN,16/09/2026,0.0505619188
NZD,16/09/2026,0.4974351102
PEN,16/09/2026,0.2582426309
PLN,16/09/2026,0.2303264455
TRY,16/09/2026,0.0178080547
USD,16/09/2026,0.8663603245
USDT,16/09/2026,0.8656365672
ARS,17/09/2026,0.0005766689
AUD,17/09/2026,0.6200436193
AZN,17/09/2026,0.5131533625
BRL,17/09/2026,0.1693030025
CAD,17/09/2026,0.6235671479
CLP,17/09/2026,0.000911898
COP,17/09/2026,0.0002781917
EUR,17/09/2026,1.0
GTQ,17/09/2026,0.1138730917
HNL,17/09/2026,0.0324548658
HUF,17/09/2026,0.0027378131
INR,17/09/2026,0.0091009898
MXN,17/09/2026,0.050592853
NZD,17/09/2026,0.4995333135
PEN,17/09/2026,0.2583284171
PLN,17/09/2026,0.2291874341
TRY,17/09/2026,0.0179209991
USD,17/09/2026,0.8723605869
USDT,17/09/2026,0.8717486521
ARS,18/09/2026,0.0005762936
AUD,18/09/2026,0.6208889391
AZN,18/09/2026,0.5174438069
BRL,18/09/2026,0.1697962666
CAD,18/09/2026,0.6226022033
CLP,18/09/2026,0.0009060635
COP,18/09/2026,0.0002746043
EUR,18/09/2026,1.0
GTQ,18/09/2026,0.1140657044
HNL,18/09/2026,0.03232539
HUF,18/09/2026,0.0027582945
INR,18/09/2026,0.0090896474
MXN,18/09/2026,0.0507795267
NZD,18/09/2026,0.4994728065
PEN,18/09/2026,0.2577965408
PLN,18/09/2026,0.2296247106
TRY,18/09/2026,0.0178453535
USD,18/09/2026,0.8702015996
USDT,18/09/2026,0.8694059498
ARS,19/09/2026,0.000573982
AUD,19/09/2026,0.620385245
AZN,19/09/2026,0.5121481306
BRL,19/09/2026,0.1692717238
CAD,19/09/2026,0.6226475946
CLP,19/09/2026,0.0009075311
COP,19/09/2026,0.0002735995
EUR,19/09/2026,1.0
GTQ,19/09/2026,0.1140749693
HNL,19/09/2026,0.0323527757
HUF,19/09/2026,0.0027451175
INR,19/09/2026,0.0090692545
MXN,19/09/2026,0.0505263747
NZD,19/09/2026,0.4980615594
PEN,19/09/2026,0.2580032419
PLN,19/09/2026,0.2292054591
TRY,19/09/2026,0.0178516039
USD,19/09/2026,0.8706513133
USDT,19/09/2026,0.8703193302
ARS,20/09/2026,0.0005747912
AUD,20/09/2026,0.6203684301
AZN,20/09/2026,0.5116175661
BRL,20/09/2026,0.1692720077
CAD,20/09/2026,0.6220595827
CLP,20/09/2026,0.000907367
COP,20/09/2026,0.0002739722
EUR,20/09/2026,1.0
GTQ,20/09/2026,0.1141107265
HNL,20/09/2026,0.0323538693
HUF,20/09/2026,0.0027451441
INR,20/09/2026,0.0090731771
MXN,20/09/2026,0.0505320577
NZD,20/09/2026,0.4979282153
PEN,20/09/2026,0.2579754144
PLN,20/09/2026,0.2291747044
TRY,20/09/2026,0.0178522176
USD,20/09/2026,0.8706133905
USDT,20/09/2026,0.8702034624
ARS,21/09/2026,0.0005772359
AUD,21/09/2026,0.6212090601
AZN,21/09/2026,0.5125142632
BRL,21/09/2026,0.1693737194
CAD,21/09/2026,0.6222698068
CLP,21/09/2026,0.000907526
COP,21/09/2026,0.0002742289
EUR,21/09/2026,1.0
GTQ,21/09/2026,0.1142078268
HNL,21/09/2026,0.0324348368
HUF,21/09/2026,0.0027485626
INR,21/09/2026,0.0090974881
MXN,21/09/2026,0.0506141963
NZD,21/09/2026,0.4989582874
PEN,21/09/2026,0.2581308141
PLN,21/09/2026,0.2292273599
TRY,21/09/2026,0.017854321
USD,21/09/2026,0.871274218
USDT,21/09/2026,0.8711260708
ARS,22/09/2026,0.0005756328
AUD,22/09/2026,0.6206708287
AZN,22/09/2026,0.5126400872
BRL,22/09/2026,0.1705228883
CAD,22/09/2026,0.6213138382
CLP,22/09/2026,0.0009194132
COP,22/09/2026,0.0002723128
EUR,22/09/2026,1.0
GTQ,22/09/2026,0.114216161
HNL,22/09/2026,0.0324251001
HUF,22/09/2026,0.0027655306
INR,22/09/2026,0.0091011475
MXN,22/09/2026,0.0506254891
NZD,22/09/2026,0.5000150105
PEN,22/09/2026,0.2586125679
PLN,22/09/2026,0.2300810908
TRY,22/09/2026,0.0178439604
USD,22/09/2026,0.8714870509
USDT,22/09/2026,0.8711764013
ARS,23/09/2026,0.0005779659
AUD,23/09/2026,0.6215698937
AZN,23/09/2026,0.5148105513
BRL,23/09/2026,0.1715535296
CAD,23/09/2026,0.6214014834
CLP,23/09/2026,0.0009241638
COP,23/09/2026,0.0002727926
EUR,23/09/2026,1.0
GTQ,23/09/2026,0.1146560783
HNL,23/09/2026,0.0325816575
HUF,23/09/2026,0.0027611853
INR,23/09/2026,0.009151585
MXN,23/09/2026,0.0505056436
NZD,23/09/2026,0.4991874451
PEN,23/09/2026,0.2586556969
PLN,23/09/2026,0.2299463617
TRY,23/09/2026,0.017920748
USD,23/09/2026,0.875175174
USDT,23/09/2026,0.8745251132
ARS,24/09/2026,0.0005798542
AUD,24/09/2026,0.6177809439
AZN,24/09/2026,0.5170420551
BRL,24/09/2026,0.1701071411
CAD,24/09/2026,0.6230440622
CLP,24/09/2026,0.0009124952
COP,24/09/2026,0.0002678926
EUR,24/09/2026,1.0
GTQ,24/09/2026,0.11506662
HNL,24/09/2026,0.0327030727
HUF,24/09/2026,0.0027361939
INR,24/09/2026,0.0091707669
MXN,24/09/2026,0.0500901049
NZD,24/09/2026,0.4987807429
PEN,24/09/2026,0.2594517642
PLN,24/09/2026,0.2283882862
TRY,24/09/2026,0.0179914732
USD,24/09/2026,0.8789837808
USDT,24/09/2026,0.878357299
ARS,25/09/2026,0.0005786994
AUD,25/09/2026,0.6168198394
AZN,25/09/2026,0.5173731605
BRL,25/09/2026,0.1694078767
CAD,25/09/2026,0.6216410519
CLP,25/09/2026,0.0009130966
COP,25/09/2026,0.0002621498
EUR,25/09/2026,1.0
GTQ,25/09/2026,0.1151760093
HNL,25/09/2026,0.0327762912
HUF,25/09/2026,0.0027328156
INR,25/09/2026,0.0091682659
MXN,25/09/2026,0.0495802047
NZD,25/09/2026,0.4970873465
PEN,25/09/2026,0.2593931378
PLN,25/09/2026,0.2282469444
TRY,25/09/2026,0.0179725731
USD,25/09/2026,0.879534295
USDT,25/09/2026,0.8790682664
ARS,26/09/2026,0.0005754294
AUD,26/09/2026,0.6167566123
AZN,26/09/2026,0.5163913377
BRL,26/09/2026,0.169307663
CAD,26/09/2026,0.620756154
CLP,26/09/2026,0.0009128534
COP,26/09/2026,0.0002653477
EUR,26/09/2026,1.0
GTQ,26/09/2026,0.1150207341
HNL,26/09/2026,0.032619156
HUF,26/09/2026,0.0027380068
INR,26/09/2026,0.009171568
MXN,26/09/2026,0.0496494318
NZD,26/09/2026,0.4972902381
PEN,26/09/2026,0.2590555779
PLN,26/09/2026,0.2287157804
TRY,26/09/2026,0.0179521925
USD,26/09/2026,0.8778653426
USDT,26/09/2026,0.8777368867
ARS,27/09/2026,0.000575707
AUD,27/09/2026,0.616704937
AZN,27/09/2026,0.5157438814
BRL,27/09/2026,0.1693192311
CAD,27/09/2026,0.6206753437
CLP,27/09/2026,0.0009127999
COP,27/09/2026,0.0002654218
EUR,27/09/2026,1.0
GTQ,27/09/2026,0.1149437182
HNL,27/09/2026,0.0326216462
HUF,27/09/2026,0.0027385296
INR,27/09/2026,0.0091657732
MXN,27/09/2026,0.0496511933
NZD,27/09/2026,0.4972477956
PEN,27/09/2026,0.2588397743
PLN,27/09/2026,0.2289315575
TRY,27/09/2026,0.017952972
USD,27/09/2026,0.8778065153
USDT,27/09/2026,0.8776195749
ARS,28/09/2026,0.0005769862
AUD,28/09/2026,0.617087096
AZN,28/09/2026,0.5164862541
BRL,28/09/2026,0.1693283073
CAD,28/09/2026,0.6205572407
CLP,28/09/2026,0.0009131736
COP,28/09/2026,0.0002656784
EUR,28/09/2026,1.0
GTQ,28/09/2026,0.114960844
HNL,28/09/2026,0.0327121753
HUF,28/09/2026,0.0027326701
INR,28/09/2026,0.0091517141
MXN,28/09/2026,0.0495092627
NZD,28/09/2026,0.4981548295
PEN,28/09/2026,0.2583884072
PLN,28/09/2026,0.2286567058
TRY,28/09/2026,0.0179270144
USD,28/09/2026,0.8780374157
USDT,28/09/2026,0.8777892786
ARS,29/09/2026,0.000577187
AUD,29/09/2026,0.6178119892
AZN,29/09/2026,0.5177763226
BRL,29/09/2026,0.1684888554
CAD,29/09/2026,0.6203848793
CLP,29/09/2026,0.0009095736
COP,29/09/2026,0.0002612752
EUR,29/09/2026,1.0
GTQ,29/09/2026,0.115276333
HNL,29/09/2026,0.0327626937
HUF,29/09/2026,0.0027212668
INR,29/09/2026,0.0091608758
MXN,29/09/2026,0.0488867326
NZD,29/09/2026,0.4980508184
PEN,29/09/2026,0.2576763604
PLN,29/09/2026,0.2286712641
TRY,29/09/2026,0.017965457
USD,29/09/2026,0.8802258857
USDT,29/09/2026,0.8797662215
ARS,30/09/2026,0.00057868
AUD,30/09/2026,0.6152806841
AZN,30/09/2026,0.5190785882
BRL,30/09/2026,0.1695699817
CAD,30/09/2026,0.6215241147
CLP,30/09/2026,0.0009070281
COP,30/09/2026,0.0002646983
EUR,30/09/2026,1.0
GTQ,30/09/2026,0.1155342946
HNL,30/09/2026,0.0328647666
HUF,30/09/2026,0.0027273046
INR,30/09/2026,0.0091953293
MXN,30/09/2026,0.0488271352
NZD,30/09/2026,0.497744627
PEN,30/09/2026,0.2563367259
PLN,30/09/2026,0.2288860174
TRY,30/09/2026,0.0180050342
USD,30/09/2026,0.8824336319
USDT,30/09/2026,0.882078996
ARS,01/10/2026,0.0005794966
AUD,01/10/2026,0.613691371
AZN,01/10/2026,0.5197857539
BRL,01/10/2026,0.1704870664
CAD,01/10/2026,0.6201770459
CLP,01/10/2026,0.000907847
COP,01/10/2026,0.0002664
EUR,01/10/2026,1.0
GTQ,01/10/2026,0.1156412817
HNL,01/10/2026,0.0328302056
HUF,01/10/2026,0.0027278964
INR,01/10/2026,0.0092069838
MXN,01/10/2026,0.0488634197
NZD,01/10/2026,0.4965449607
PEN,01/10/2026,0.256115051
PLN,01/10/2026,0.2291771319
TRY,01/10/2026,0.0180232618
USD,01/10/2026,0.883652162
USDT,01/10/2026,0.8828147468
ARS,02/10/2026,0.0005828532
AUD,02/10/2026,0.6163065151
AZN,02/10/2026,0.5227176461
BRL,02/10/2026,0.1700078066
CAD,02/10/2026,0.6251434118
CLP,02/10/2026,0.0009042907
COP,02/10/2026,0.0002679056
EUR,02/10/2026,1.0
GTQ,02/10/2026,0.1162099254
HNL,02/10/2026,0.0331034668
HUF,02/10/2026,0.0027110042
INR,02/10/2026,0.0092289793
MXN,02/10/2026,0.048644516
NZD,02/10/2026,0.4988739567
PEN,02/10/2026,0.2564074169
PLN,02/10/2026,0.228518593
TRY,02/10/2026,0.0180921652
USD,02/10/2026,0.8886255714
USDT,02/10/2026,0.8883981535
ARS,03/10/2026,0.0005837735
AUD,03/10/2026,0.6180792202
AZN,03/10/2026,0.5227209713
BRL,03/10/2026,0.1702015625
CAD,03/10/2026,0.6235728055
CLP,03/10/2026,0.0008974453
COP,03/10/2026,0.000271665
EUR,03/10/2026,1.0
GTQ,03/10/2026,0.1162892529
HNL,03/10/2026,0.0330046018
HUF,03/10/2026,0.0027138855
INR,03/10/2026,0.0092385368
MXN,03/10/2026,0.0489203849
NZD,03/10/2026,0.4989622185
PEN,03/10/2026,0.2587687257
PLN,03/10/2026,0.2282166516
TRY,03/10/2026,0.0180840306
USD,03/10/2026,0.8886260767
USDT,03/10/2026,0.8880534398
ARS,04/10/2026,0.0005829839
AUD,04/10/2026,0.6175850271
AZN,04/10/2026,0.522001908
BRL,04/10/2026,0.170133075
CAD,04/10/2026,0.6234400206
CLP,04/10/2026,0.0008969699
COP,04/10/2026,0.0002716775
EUR,04/10/2026,1.0
GTQ,04/10/2026,0.1162418078
HNL,04/10/2026,0.0329994895
HUF,04/10/2026,0.0027126583
INR,04/10/2026,0.0092355373
MXN,04/10/2026,0.048909174
NZD,04/10/2026,0.4987369711
PEN,04/10/2026,0.258292418
PLN,04/10/2026,0.2279909012
TRY,04/10/2026,0.0180777432
USD,04/10/2026,0.888246296
USDT,04/10/2026,0.8880162334
ARS,05/10/2026,0.000583581
AUD,05/10/2026,0.6203343798
AZN,05/10/2026,0.5259756493
BRL,05/10/2026,0.1712661545
CAD,05/10/2026,0.6259641805
CLP,05/10/2026,0.0009125706
COP,05/10/2026,0.0002725811
EUR,05/10/2026,1.0
GTQ,05/10/2026,0.117016556
HNL,05/10/2026,0.0332274582
HUF,05/10/2026,0.0027120669
INR,05/10/2026,0.0092714779
MXN,05/10/2026,0.0490539783
NZD,05/10/2026,0.4998890571
PEN,05/10/2026,0.2583949676
PLN,05/10/2026,0.2279046608
TRY,05/10/2026,0.0181891955
USD,05/10/2026,0.8941736299
USDT,05/10/2026,0.895161913
ARS,06/10/2026,0.0005866576
AUD,06/10/2026,0.6213863857
AZN,06/10/2026,0.5245066638
BRL,06/10/2026,0.1783803364
CAD,06/10/2026,0.6249207132
CLP,06/10/2026,0.0009163894
COP,06/10/2026,0.0002787665
EUR,06/10/2026,1.0
GTQ,06/10/2026,0.1168423612
HNL,06/10/2026,0.0332542379
HUF,06/10/2026,0.0027221769
INR,06/10/2026,0.0092479933
MXN,06/10/2026,0.0493312191
NZD,06/10/2026,0.4990958878
PEN,06/10/2026,0.2589723455
PLN,06/10/2026,0.2282777262
TRY,06/10/2026,0.0181324414
USD,06/10/2026,0.8916735418
USDT,06/10/2026,0.891222299
