day,column,recomputed_from,players,match_share,corr,gold_sum,recomputed_sum,status
2025-05-01,days_since_bet,activity.day,30866,0.1438,0.0017,1.0,342834.0,MISMATCH
2025-05-01,active_days_l7d,activity.day,30866,0.9939,0.9987,29418.0,29227.0,OK
2025-05-01,active_days_l30d,activity.day,30866,0.9869,0.9997,129524.0,129072.0,OK
2025-05-01,bets_l7d,activity.bets,30866,1.0,1.0,10270323.0,10270323.0,OK
2025-05-01,bets_l30d,activity.bets,30866,0.9999,1.0,55430450.0,55430496.0,OK
2025-05-01,wagered_eur_l7d,activity.turnover_eur,30866,0.9999,1.0,10839338.41,10829428.06,OK
2025-05-01,wagered_eur_l30d,activity.turnover_eur,30866,0.9997,1.0,56783324.42,56774025.71,OK
2025-05-01,ggr_eur_l7d,activity.ggr_eur,30866,0.9988,0.9997,511203.86,516947.18,OK
2025-05-01,ggr_eur_l30d,activity.ggr_eur,30866,0.9956,0.9997,2776703.06,2796518.55,OK
2025-06-01,days_since_bet,activity.day,34106,0.1013,0.0081,10.0,397593.0,MISMATCH
2025-06-01,active_days_l7d,activity.day,34106,0.9975,0.9994,26453.0,26364.0,OK
2025-06-01,active_days_l30d,activity.day,34106,0.9879,0.9997,139345.0,138885.0,OK
2025-06-01,bets_l7d,activity.bets,34106,1.0,1.0,6649519.0,6649519.0,OK
2025-06-01,bets_l30d,activity.bets,34106,1.0,1.0,35502826.0,35502826.0,OK
2025-06-01,wagered_eur_l7d,activity.turnover_eur,34106,1.0,1.0,5875932.49,5876912.89,OK
2025-06-01,wagered_eur_l30d,activity.turnover_eur,34106,0.9999,1.0,33003888.33,33004896.13,OK
2025-06-01,ggr_eur_l7d,activity.ggr_eur,34106,0.9985,0.9989,361798.94,368226.04,OK
2025-06-01,ggr_eur_l30d,activity.ggr_eur,34106,0.9951,0.9889,1634761.34,1638073.91,OK
2025-07-01,days_since_bet,activity.day,27427,0.1332,0.0095,39.0,347027.0,MISMATCH
2025-07-01,active_days_l7d,activity.day,27427,0.9986,0.9997,23624.0,23586.0,OK
2025-07-01,active_days_l30d,activity.day,27427,0.9929,0.9999,120766.0,120556.0,OK
2025-07-01,bets_l7d,activity.bets,27427,1.0,1.0,14403486.0,14403486.0,OK
2025-07-01,bets_l30d,activity.bets,27427,1.0,1.0,47196591.0,47196593.0,OK
2025-07-01,wagered_eur_l7d,activity.turnover_eur,27427,0.9999,1.0,15248037.37,15248154.86,OK
2025-07-01,wagered_eur_l30d,activity.turnover_eur,27427,0.9998,1.0,45042626.27,45043176.99,OK
2025-07-01,ggr_eur_l7d,activity.ggr_eur,27427,0.9995,1.0,512471.14,512941.28,OK
2025-07-01,ggr_eur_l30d,activity.ggr_eur,27427,0.997,0.9996,1936537.26,1954434.77,OK
2025-08-01,days_since_bet,activity.day,19120,0.1771,,0.0,194175.0,MISMATCH
2025-08-01,active_days_l7d,activity.day,19120,0.9988,0.9998,23525.0,23501.0,OK
2025-08-01,active_days_l30d,activity.day,19120,0.9943,0.9999,106339.0,106216.0,OK
2025-08-01,bets_l7d,activity.bets,19120,1.0,1.0,14723857.0,14723859.0,OK
2025-08-01,bets_l30d,activity.bets,19120,0.9999,1.0,57539038.0,57539060.0,OK
2025-08-01,wagered_eur_l7d,activity.turnover_eur,19120,1.0,1.0,15690935.61,15690957.19,OK
2025-08-01,wagered_eur_l30d,activity.turnover_eur,19120,0.9999,1.0,55856997.16,55857114.33,OK
2025-08-01,ggr_eur_l7d,activity.ggr_eur,19120,0.9997,1.0,837940.99,837633.83,OK
2025-08-01,ggr_eur_l30d,activity.ggr_eur,19120,0.9977,0.9999,2666508.43,2672378.97,OK
2025-09-01,days_since_bet,activity.day,18433,0.1875,0.0119,11.0,179201.0,MISMATCH
2025-09-01,active_days_l7d,activity.day,18433,0.9976,0.9997,23423.0,23378.0,OK
2025-09-01,active_days_l30d,activity.day,18433,0.9931,0.9999,107725.0,107577.0,OK
2025-09-01,bets_l7d,activity.bets,18433,1.0,1.0,9669651.0,9669651.0,OK
2025-09-01,bets_l30d,activity.bets,18433,1.0,1.0,53798419.0,53798423.0,OK
2025-09-01,wagered_eur_l7d,activity.turnover_eur,18433,1.0,1.0,10489884.8,10489881.29,OK
2025-09-01,wagered_eur_l30d,activity.turnover_eur,18433,1.0,1.0,54762663.85,54762677.38,OK
2025-09-01,ggr_eur_l7d,activity.ggr_eur,18433,0.9986,0.9999,771927.71,775593.03,OK
2025-09-01,ggr_eur_l30d,activity.ggr_eur,18433,0.9965,1.0,2883716.27,2890103.02,OK
2025-10-01,days_since_bet,activity.day,19279,0.1893,0.001,18.0,178879.0,MISMATCH
2025-10-01,active_days_l7d,activity.day,19279,0.9975,0.9996,25957.0,25908.0,OK
2025-10-01,active_days_l30d,activity.day,19279,0.9899,0.9998,112801.0,112554.0,OK
2025-10-01,bets_l7d,activity.bets,19279,1.0,1.0,16932347.0,16932347.0,OK
2025-10-01,bets_l30d,activity.bets,19279,0.9999,1.0,73588920.0,73588922.0,OK
2025-10-01,wagered_eur_l7d,activity.turnover_eur,19279,1.0,1.0,17108084.86,17108093.32,OK
2025-10-01,wagered_eur_l30d,activity.turnover_eur,19279,0.9999,1.0,76222309.76,76222339.5,OK
2025-10-01,ggr_eur_l7d,activity.ggr_eur,19279,0.9997,1.0,701029.17,700797.7,OK
2025-10-01,ggr_eur_l30d,activity.ggr_eur,19279,0.999,1.0,3630037.6,3632286.86,OK
2025-10-01,deposits_eur_l30d,payments.deposit_eur,19279,1.0,,0.0,0.0,OK
2025-10-01,withdrawals_eur_l30d,payments.withdraw_eur,19279,1.0,,0.0,0.0,OK
2025-11-01,days_since_bet,activity.day,22163,0.1657,-0.0027,5.0,228772.0,MISMATCH
2025-11-01,active_days_l7d,activity.day,22163,0.9952,0.9992,26069.0,25961.0,OK
2025-11-01,active_days_l30d,activity.day,22163,0.9854,0.9997,116928.0,116545.0,OK
2025-11-01,bets_l7d,activity.bets,22163,1.0,1.0,16337513.0,16337513.0,OK
2025-11-01,bets_l30d,activity.bets,22163,1.0,1.0,75668030.0,75668034.0,OK
2025-11-01,wagered_eur_l7d,activity.turnover_eur,22163,1.0,1.0,15006021.21,15006016.98,OK
2025-11-01,wagered_eur_l30d,activity.turnover_eur,22163,1.0,1.0,73717165.65,73717138.69,OK
2025-11-01,ggr_eur_l7d,activity.ggr_eur,22163,0.9999,1.0,609889.77,609881.32,OK
2025-11-01,ggr_eur_l30d,activity.ggr_eur,22163,0.9998,1.0,3039858.32,3039247.97,OK
2025-11-01,deposits_eur_l30d,payments.deposit_eur,22163,1.0,,0.0,0.0,OK
2025-11-01,withdrawals_eur_l30d,payments.withdraw_eur,22163,1.0,,0.0,0.0,OK
2025-12-01,days_since_bet,activity.day,17727,0.0962,0.0096,6.0,228204.0,MISMATCH
2025-12-01,active_days_l7d,activity.day,17727,0.9901,0.9963,11733.0,11528.0,OK
2025-12-01,active_days_l30d,activity.day,17727,0.9843,0.9995,90236.0,89863.0,OK
2025-12-01,bets_l7d,activity.bets,17727,1.0,1.0,8141541.0,8141541.0,OK
2025-12-01,bets_l30d,activity.bets,17727,1.0,1.0,59048845.0,59048848.0,OK
2025-12-01,wagered_eur_l7d,activity.turnover_eur,17727,1.0,1.0,12903734.43,12903729.09,OK
2025-12-01,wagered_eur_l30d,activity.turnover_eur,17727,0.9999,1.0,64840393.88,64841316.99,OK
2025-12-01,ggr_eur_l7d,activity.ggr_eur,17727,0.9999,0.9885,616822.06,606897.37,OK
2025-12-01,ggr_eur_l30d,activity.ggr_eur,17727,0.9993,0.9991,2976022.88,2966436.24,OK
2025-12-01,deposits_eur_l30d,payments.deposit_eur,17727,1.0,,0.0,0.0,OK
2025-12-01,withdrawals_eur_l30d,payments.withdraw_eur,17727,1.0,,0.0,0.0,OK
2026-01-01,days_since_bet,activity.day,14569,0.1301,0.005,11.0,144607.0,MISMATCH
2026-01-01,active_days_l7d,activity.day,14569,0.9998,1.0,13043.0,13040.0,OK
2026-01-01,active_days_l30d,activity.day,14569,0.9822,0.9997,55594.0,55333.0,OK
2026-01-01,bets_l7d,activity.bets,14569,1.0,1.0,9453330.0,9453331.0,OK
2026-01-01,bets_l30d,activity.bets,14569,1.0,1.0,39419853.0,39419858.0,OK
2026-01-01,wagered_eur_l7d,activity.turnover_eur,14569,1.0,1.0,12583619.53,12583707.19,OK
2026-01-01,wagered_eur_l30d,activity.turnover_eur,14569,1.0,1.0,59261330.94,59261367.97,OK
2026-01-01,ggr_eur_l7d,activity.ggr_eur,14569,0.9997,1.0,614434.76,614274.1,OK
2026-01-01,ggr_eur_l30d,activity.ggr_eur,14569,0.9992,1.0,2779761.92,2780707.41,OK
2026-01-01,deposits_eur_l30d,payments.deposit_eur,14569,1.0,1.0,28472.1,28472.1,OK
2026-01-01,withdrawals_eur_l30d,payments.withdraw_eur,14569,1.0,1.0,1737.31,1737.31,OK
2026-02-01,days_since_bet,activity.day,11878,0.1904,0.0181,33.0,127609.0,MISMATCH
2026-02-01,active_days_l7d,activity.day,11878,0.9944,0.9993,15080.0,15014.0,OK
2026-02-01,active_days_l30d,activity.day,11878,0.9864,0.9997,60590.0,60392.0,OK
2026-02-01,bets_l7d,activity.bets,11878,1.0,1.0,11358594.0,11358594.0,OK
2026-02-01,bets_l30d,activity.bets,11878,1.0,1.0,45908423.0,45908423.0,OK
2026-02-01,wagered_eur_l7d,activity.turnover_eur,11878,1.0,1.0,14296627.54,14296535.61,OK
2026-02-01,wagered_eur_l30d,activity.turnover_eur,11878,0.9998,1.0,66245431.33,66257792.36,OK
2026-02-01,ggr_eur_l7d,activity.ggr_eur,11878,0.9993,0.9999,708386.21,706961.66,OK
2026-02-01,ggr_eur_l30d,activity.ggr_eur,11878,0.9988,1.0,2406559.39,2406670.95,OK
2026-02-01,deposits_eur_l30d,payments.deposit_eur,11878,1.0,1.0,84557.72,84557.72,OK
2026-02-01,withdrawals_eur_l30d,payments.withdraw_eur,11878,1.0,1.0,5166.34,5166.34,OK
2026-03-01,days_since_bet,activity.day,12622,0.1775,0.0443,248.0,114779.0,MISMATCH
2026-03-01,active_days_l7d,activity.day,12622,0.999,0.9999,16323.0,16311.0,OK
2026-03-01,active_days_l30d,activity.day,12622,0.9838,0.9998,72970.0,72752.0,OK
2026-03-01,bets_l7d,activity.bets,12622,1.0,1.0,11614164.0,11614164.0,OK
2026-03-01,bets_l30d,activity.bets,12622,0.9999,1.0,48231691.0,48231725.0,OK
2026-03-01,wagered_eur_l7d,activity.turnover_eur,12622,1.0,1.0,13520921.8,13520910.55,OK
2026-03-01,wagered_eur_l30d,activity.turnover_eur,12622,0.9998,1.0,54015208.26,54016228.28,OK
2026-03-01,ggr_eur_l7d,activity.ggr_eur,12622,0.9995,1.0,518438.15,518091.37,OK
2026-03-01,ggr_eur_l30d,activity.ggr_eur,12622,0.9967,0.9999,2506237.12,2511044.85,OK
2026-03-01,deposits_eur_l30d,payments.deposit_eur,12622,1.0,1.0,1484023.35,1484021.67,OK
2026-03-01,withdrawals_eur_l30d,payments.withdraw_eur,12622,1.0,1.0,1085902.2,1085901.82,OK
2026-04-01,days_since_bet,activity.day,13187,0.1546,0.0413,306.0,136713.0,MISMATCH
2026-04-01,active_days_l7d,activity.day,13187,0.9812,0.9955,15751.0,15456.0,OK
2026-04-01,active_days_l30d,activity.day,13187,0.9722,0.9993,74159.0,73654.0,OK
2026-04-01,bets_l7d,activity.bets,13187,1.0,1.0,10486562.0,10486565.0,OK
2026-04-01,bets_l30d,activity.bets,13187,1.0,1.0,53783750.0,53783753.0,OK
2026-04-01,wagered_eur_l7d,activity.turnover_eur,13187,0.9999,1.0,13595809.35,13595973.58,OK
2026-04-01,wagered_eur_l30d,activity.turnover_eur,13187,0.9998,1.0,67834624.73,67835604.09,OK
2026-04-01,ggr_eur_l7d,activity.ggr_eur,13187,0.9998,1.0,587077.31,586821.76,OK
2026-04-01,ggr_eur_l30d,activity.ggr_eur,13187,0.9994,1.0,3247846.31,3247892.91,OK
2026-04-01,deposits_eur_l30d,payments.deposit_eur,13187,1.0,1.0,7433642.85,7433634.45,OK
2026-04-01,withdrawals_eur_l30d,payments.withdraw_eur,13187,1.0,1.0,5308635.05,5308634.14,OK
2026-05-01,days_since_bet,activity.day,12823,0.1957,0.0567,523.0,116548.0,MISMATCH
2026-05-01,active_days_l7d,activity.day,12823,0.9844,0.9972,16733.0,16514.0,OK
2026-05-01,active_days_l30d,activity.day,12823,0.9729,0.9994,72869.0,72418.0,OK
2026-05-01,bets_l7d,activity.bets,12823,1.0,1.0,12225055.0,12225055.0,OK
2026-05-01,bets_l30d,activity.bets,12823,1.0,1.0,54538499.0,54538499.0,OK
2026-05-01,wagered_eur_l7d,activity.turnover_eur,12823,0.9999,1.0,11975741.75,11975866.22,OK
2026-05-01,wagered_eur_l30d,activity.turnover_eur,12823,0.9999,1.0,60519515.27,60519453.04,OK
2026-05-01,ggr_eur_l7d,activity.ggr_eur,12823,0.9997,1.0,472605.51,472348.0,OK
2026-05-01,ggr_eur_l30d,activity.ggr_eur,12823,0.9992,1.0,3010693.44,3010863.8,OK
2026-05-01,deposits_eur_l30d,payments.deposit_eur,12823,1.0,1.0,6749428.06,6749422.03,OK
2026-05-01,withdrawals_eur_l30d,payments.withdraw_eur,12823,1.0,1.0,4627307.8,4627306.01,OK
2026-06-01,days_since_bet,activity.day,12982,0.177,0.1059,9850.0,119762.0,MISMATCH
2026-06-01,active_days_l7d,activity.day,12982,0.9892,0.9984,16499.0,16359.0,OK
2026-06-01,active_days_l30d,activity.day,12982,0.9692,0.9996,74232.0,73782.0,OK
2026-06-01,bets_l7d,activity.bets,12982,1.0,1.0,11718753.0,11718753.0,OK
2026-06-01,bets_l30d,activity.bets,12982,0.9998,1.0,54097397.0,54097411.0,OK
2026-06-01,wagered_eur_l7d,activity.turnover_eur,12982,1.0,1.0,13738918.71,13738917.39,OK
2026-06-01,wagered_eur_l30d,activity.turnover_eur,12982,0.9998,1.0,61342715.41,61342804.45,OK
2026-06-01,ggr_eur_l7d,activity.ggr_eur,12982,0.9987,1.0,681322.43,679161.55,OK
2026-06-01,ggr_eur_l30d,activity.ggr_eur,12982,0.994,0.9999,2787978.67,2777445.38,OK
2026-06-01,deposits_eur_l30d,payments.deposit_eur,12982,1.0,1.0,6672936.28,6672934.51,OK
2026-06-01,withdrawals_eur_l30d,payments.withdraw_eur,12982,1.0,1.0,4632239.48,4632239.47,OK
2026-07-01,days_since_bet,activity.day,10463,0.215,0.3779,11654.0,99928.0,MISMATCH
2026-07-01,active_days_l7d,activity.day,10463,0.9884,0.9984,14102.0,13980.0,OK
2026-07-01,active_days_l30d,activity.day,10463,0.9662,0.9992,64515.0,64023.0,OK
2026-07-01,bets_l7d,activity.bets,10463,1.0,1.0,9673019.0,9673019.0,OK
2026-07-01,bets_l30d,activity.bets,10463,1.0,1.0,44735246.0,44735255.0,OK
2026-07-01,wagered_eur_l7d,activity.turnover_eur,10463,1.0,1.0,11543677.04,11543665.68,OK
2026-07-01,wagered_eur_l30d,activity.turnover_eur,10463,1.0,1.0,51477347.34,51477402.75,OK
2026-07-01,ggr_eur_l7d,activity.ggr_eur,10463,1.0,1.0,581807.52,581820.53,OK
2026-07-01,ggr_eur_l30d,activity.ggr_eur,10463,0.9997,1.0,2560603.74,2560641.82,OK
2026-07-01,deposits_eur_l30d,payments.deposit_eur,10463,1.0,1.0,9270978.19,9270957.92,OK
2026-07-01,withdrawals_eur_l30d,payments.withdraw_eur,10463,1.0,1.0,6124388.23,6124387.69,OK
2026-08-01,days_since_bet,activity.day,13996,0.0887,0.7533,174540.0,126589.0,MISMATCH
2026-08-01,active_days_l7d,activity.day,13996,0.9849,0.9971,15332.0,15120.0,OK
2026-08-01,active_days_l30d,activity.day,13996,0.9556,0.9981,68876.0,67901.0,OK
2026-08-01,bets_l7d,activity.bets,13996,0.9999,1.0,11524177.0,11524601.0,OK
2026-08-01,bets_l30d,activity.bets,13996,0.9998,1.0,49843131.0,49838473.0,OK
2026-08-01,wagered_eur_l7d,activity.turnover_eur,13996,0.9999,0.9987,11040500.06,11008453.32,OK
2026-08-01,wagered_eur_l30d,activity.turnover_eur,13996,0.9998,0.9997,54498991.79,54395792.99,OK
2026-08-01,ggr_eur_l7d,activity.ggr_eur,13996,0.9998,0.9992,462088.91,458765.52,OK
2026-08-01,ggr_eur_l30d,activity.ggr_eur,13996,0.9986,0.7721,2086959.65,2329674.68,OK
2026-08-01,deposits_eur_l30d,payments.deposit_eur,13996,0.9963,0.9999,6015654.12,6009669.04,OK
2026-08-01,withdrawals_eur_l30d,payments.withdraw_eur,13996,1.0,1.0,4257797.17,4257794.54,OK
2026-09-01,days_since_bet,activity.day,14092,0.041,0.8417,193291.0,139931.0,MISMATCH
2026-09-01,active_days_l7d,activity.day,14092,0.9963,0.9993,14869.0,14816.0,OK
2026-09-01,active_days_l30d,activity.day,14092,0.9783,0.9994,65778.0,65377.0,OK
2026-09-01,bets_l7d,activity.bets,14092,0.9999,1.0,11684056.0,11683760.0,OK
2026-09-01,bets_l30d,activity.bets,14092,0.9968,1.0,50538815.0,50553491.0,OK
2026-09-01,wagered_eur_l7d,activity.turnover_eur,14092,0.9992,0.997,12971982.25,12890342.73,OK
2026-09-01,wagered_eur_l30d,activity.turnover_eur,14092,0.9914,0.9996,55695342.37,55613401.53,OK
2026-09-01,ggr_eur_l7d,activity.ggr_eur,14092,0.9985,0.9742,604749.62,624959.67,OK
2026-09-01,ggr_eur_l30d,activity.ggr_eur,14092,0.9747,0.9082,2593338.95,2692416.15,OK
2026-09-01,deposits_eur_l30d,payments.deposit_eur,14092,0.9939,0.9997,6299638.05,6286239.33,OK
2026-09-01,withdrawals_eur_l30d,payments.withdraw_eur,14092,0.9997,0.9993,4335826.14,4324691.97,OK
2026-10-01,days_since_bet,activity.day,15655,0.035,0.8744,210453.0,154060.0,MISMATCH
2026-10-01,active_days_l7d,activity.day,15655,0.9928,0.9986,16891.0,16778.0,OK
2026-10-01,active_days_l30d,activity.day,15655,0.9773,0.9992,72539.0,72036.0,OK
2026-10-01,bets_l7d,activity.bets,15655,0.9999,1.0,12872980.0,12872679.0,OK
2026-10-01,bets_l30d,activity.bets,15655,0.9998,1.0,56334722.0,56326283.0,OK
2026-10-01,wagered_eur_l7d,activity.turnover_eur,15655,0.9996,1.0,14181836.49,14176032.74,OK
2026-10-01,wagered_eur_l30d,activity.turnover_eur,15655,0.9994,0.9999,60168218.06,60089205.87,OK
2026-10-01,ggr_eur_l7d,activity.ggr_eur,15655,0.9989,0.9932,665193.78,673413.22,OK
2026-10-01,ggr_eur_l30d,activity.ggr_eur,15655,0.9981,0.626,2241915.41,2848474.96,OK
2026-10-01,deposits_eur_l30d,payments.deposit_eur,15655,0.9999,0.9989,6455163.3,6442648.74,OK
2026-10-01,withdrawals_eur_l30d,payments.withdraw_eur,15655,1.0,1.0,4385751.79,4385725.25,OK
